2,̸,,Թ,ϴ ,,-,̹ ټ,,׸丮(500 ),
ֽ,,," ϴ  ̰,  츮 Ѿ ϴ ̾!","꼺, ɿո, Į","ȣ  ģϸ,   ȭ Ѵ",-, ȭ  б 꼺 Ű  ȣ ,"꼺 б Ű  ȣ, "," ֿ     ־.    ձ ȭ 縦 Ű ߿ 翴ϴ.  ̸ ٷ 񡯿.  꼺 Ű, б  յ ȥ ȣϴ  ð ־.   Ư ɷ  ־. ״   ɷ .  Ǹ    꼺    ϰ, б  յ ȥ ϰ ־ϴ.    ȭ  Ű ¡ó ¦,    󰡸   縦   ִٰ Ͼ.    ȭ ߾. ״ ָ ã    ̾߱⸦ ָ, ֿ  ñ 鿡    ϴ.  鿡   ̾  ־, ָ   ׿  ͵  ϸ Ҵϴ.",
õȽ,,,δ  ӵ ݵ   ֵ  ž!,"ȣΰ, õŸ ߱",Ѻ⿣ 峭       ִ,"  :     ٴϴµ,  Ų 鿡    ˸ϴ.     ̷   û Ҹ ϴ.", Ű ߿伺 ϴ ο ,"Ӱ  ġ ϴ ޽, "," õ Ÿ   Ҿ.   ġ ִ     ϴ.  õȻŸ ɼ  Ʒ  ̾߱⸦   ߾.  ,       ""ݵ ƿ ϴ ɼҸ ڴ"" ϴ ̾߱⸦  Ǿ.    , ð 귯  ƿ ʾҰ, ɼҴ ٸ   Ǿ ɼ Ѹ .
   ӵ ݵ  ڴٰ ߴϴ. ð 귯        ϸ ο ,  㸶 ׵  Ű  Ծ.    ,  ɼ Ʒ   ߸   ȴϴ.
ó  õ Ÿ , 鿡  ߿伺 ġ ־. ״   ִ̾ ٸ Ǿ,  Ű  󸶳 ߿ ο ϱ ְ ִϴ.",
ɽ,ӵ,,"ǰ Ǻο ູ   ̾! ӵ Ŀ, ջ!","Ű , â ź ٴ濡   Ҹ, ӵ  ",ȣ  峭ٷ       峭     ִ. ,"ӵ׾Ƹ: ġ Ȱ ִ    ׾Ƹ
  Ӹ:     .",  ڿ Ű ӵ ġ  ϴ  ,"ӵ  ǰ  ϴ ġ, ӵ ",",  ٴ尡 ӵ źο    'ӵ'  ־ϴ. ӵ   ¾ ڿ  Ȱ 鿡 ǰ ູ ϴ 񿴽ϴ.   ӵ Ǻθ   ϰ ģ   ġϴ    ־ϴ. õؼ ÿ ٶ δ ̸, ӵ  ٴ尡 â   Ư ӵ带 ϴ. δ ֻ ڶ   ӵ带    ġ ϼϰ ߽ϴ.
ӵ  ģ  ̸  ӵ带  ΰ ϴ.  п  ǰ ã Ȱ⸦ ã   ϰ Ǿϴ.   θ  , õؼ ε巯 𷡿 â  ޺ Ʒ   ٴ ̾߱Ⱑ ϴ. ӵ ݵ  ڿ ϸ,  ʴ ձ   ִٰ մϴ.    ڿ ӿ ӵǰ ֽϴ.",
ƻ,ƿ±,, õó  ϰ ?,"¾õ   , õ̱, , ೪, ȣ"," ģϸ, 鿡  ִ  ","õ   
 Ͱ: 鿡     .",õ ԰ ġ  ϴ ູ , ġ ±⸦ ϴ ȣ. ƿ±,"ƻ ¾õ ¾ ƿ±  õ   Դϴ. ۵ϰ ϽϽ    ϴû ԰   ״ õ ãƿ 鿡  ± ġ  մϴ. Ư, ǰ    ڵ õ Ȱ ã   ູ    Դϴ.
 , ģ ڵ õ   ϰ Ǹϴ   ƿ± ڽ  ̸  õ  ϰ ε巴 ϴ.  п  õ  ã  , ƿ± ڽŸ Ư  ݰ Ǿϴ.
õ ƿ± ¾õ  鿡  ޽İ ູ ϸ, ƻ õ ȭ  Ưϰ  ġ  ް ֽϴ.",
,ر,,ڰ ູ Ϸ簡 Ǳ⸦!   Ϸ縦 !," Ƹٿ ڿ ȭο ǳ,   ","ȭϰ ȭο   , Գ   ","  ( ,   ູϰ  )", źο    ູ  ,"  ϴ ູ , ر","  ó ŷ  ־.   ֻ  ޾ 鿡 ȭ  Ѵٰ . װ ¾ ر ϴû Ǻο ݺ   ,    Ư ɷ ϴ.   ܼ  ƴϾ.      ݰ ູ ϴ. ر   鿡    ָ  ȭ ߾.  ູ   á,    ġ  Ǿϴ.",
,,,ؾ ΰ !,", , žȣ Ƹٿ ǳ","Գ ϰ ϸ, ȭο   ߿ϰ ϴ ο ", (԰  ¡), 縦 Ű Ȱ⸦ Ҿִ ο ," Ȱ⸦ ϴ ο ȣ, ",",     ȭ   ϳ. ̰  ŷ  Ȱ⸦ Ű ,   ־ϴ.  Ư   ٴϸ ε  ϰ   ֵ ־.  , ε ŷ ߿   ,      ذߴϴ.    ٽ Ȱ⸦ ãҰ, ε   ȭӰ   ־. ݵ ٴ뿪繮ȭŸ  Ű ԰  ̾߱Ⱑ  ִϴ.",
,,,"ó ϰ,  ϰ!"," ż ٶ, , 꿡 ڶ󳪴 ż 깰","åӰ ϰ ̸, 鿡  ִ  Ѵ.   Ű 밨 ̴.","  Ȳ հ

",̼  Ű 絵  ȣϴ 밨 ,"    ȣ,  "," , 꿡 ʷϺ  Ȳݺ ԰      ־. ״  ⸦ Ű ó ⸦ ϵ ִ Ư 񿴴ϴ.   ̼谡 ο  ã  Ʒ ŵȿ  ,   տ Ÿ ߾. ̰  Ⱑ 帣 ̿. ⼭  ٸ ū  ̷ ſ! ̼ ̰   ,  ϴٴ  Ѿ ߾.  ̼ 񿡰  Ƹٿ   Ѵ޶ Ź.
ð 귯   ÷ ߾. , ر,  3 ΰ 鼭   Ű ߽ Ǿϴ.  ε Ʒϰų    Ȳݺ  ޷̸  ־. Ư   鿡Դ   Բ   ־. ݵ 꿡 Ȳݺ ٸ, װ      ȣ .",
,طα,,ٴٰ   ̷ ž," ٴ, ö ,  ź , ػ "," а 밨ϸ, 鿡  ִ ̴.","  (ٶ ĵ  ɷ )

",ٴ  ִ  ,"ػ  ȣ,  طα",",  ػ  ߾.       ߰, ٴٴ   鿡 ū ູ̾. װ طα   ־. طα Ǫ ٴó Ǫ    ,  ٴٿ  ٴٸ   Ű ־.
Ϸ, ö 忡 ϴ  ߿ 縦  踦 ٴٿ ҾȾ. ׶, طα Ÿ ĵ , 踦 ϰ ױ ̲.  , ٴٴ   ɿ!
طα ,     źο͵ .  ū  ǰ ־. طα ׿ ߾.   ٴó а  ž. η ,   ư!
 ,  ù ѱ  Ǿ  鿡  ƴϴ.",
ݻ걺,ȭ,,"ڿ    ߰,  ̰ ǰϰ ư  ֵ  ;.",", λ, ","̰ ִ ̸,  ſ ó Ӿ  ش","ȭ
(ݻ, λ)
(: ݺ, ߰ ʷϻ    )",η ̰ܳ  ϴ ź ,"   ϵ  , ȭ"," ݻ  , ȭ   ־. ȭ ڿ  ٷ ݻ Ű 鿡 ǰ ִ  . װ   ȭ  ڶ ־.   ݻ  ʵ鿡  ִ ź ̾. 
 ,  ҳ ȭ ãƿ  ǳʾ Ѵٸ η Ÿ¾. ȭ ҳ⿡ ź ȭ  ָ, ̸   ǳʸ ϴٰ ߾. ҳ ȭ  տ   ǳʱ ߾. η ӿ        , ȭɿ   п  .   ǳ ҳ ȭ񿡰 ϸ,   . ȭ   ƴ϶ ҳ  ŷڰ ߿ ̶ ϸ,  Ȳ غ ҳ⿡ ݻ λ ߾.
"" λ  ǰ   ž. ε η ̱, ڽŰ  ư.""
ҳ ȭ   , ݻ λ  Ծ.  п   ϰ ǰ   Ǿ,  ǳ  Բ ݻ λ ȿ 鿡 ϸ Ҵϴ.",
ο,ȭ,," Ǿ,  ׷ Ӱ Ǿ ھ.","ٹ, ɻ, ο ڰ ","̰  . ׻    ϰ,   ٰ.",  ,"  ȭϰ, ȭ  ","ó  ǿ , ȭ",",    ó   ο ð ¾. ó  Ƹ Ǵ Ư ̾. ׷  , ȭ   ó Ÿ. ȭ  ǿ   񿴾. ų  ó  ǿ հ 鼺鿡  ߴϴ.  ȭ    ,  ǹ̸  ϴ  Ҿ.
׷ ȭ տ   ˷ֱ ߾. ȭ    Ǿ ߰,        ߾.   . "" ɵ   ȭϴ ̶?"" ȭ  ̸ ߾. "" ڿ ϳ Ǵ  ִ ̿.""
 , ȭ տ  ǿ  ־.  ų  ó  ǿ  ȭ ãҴϴ.   귯 ȭ ó ã ̵鿡   ̾߱⵵ ָ,  ܼ   ƴ϶  ȭϴ ߿  ݰ ־.",
õ,ñ,,ó  ! ,"޲ٹ , õ , ѻ, ż ",ģϰ ϸ ڿ  , Ʋ ,ѻ  Ű  ǳ並   ȣ ,"   ڿ  Ű ȣ, ñ","õ ѻ  Ư   ֽϴ.   ̸ ""ñ.""         ø ©  Ÿ ó ø  ε巴   ٲپִ 翴ϴ. ñ ܼ ִ ͸ ƴ϶,   ̾ ߿  ߽ϴ.
 , õ  ū  ϴ.   , ñ ̿  ʾҽϴ. ż 翡  ڿ   ϴÿ    ̾ϴ.  ,  ٽ ǳο, ñ  鿡  λ ִ  ޾ҽϴ.
ñ ""ó  !""  Թó ϸ,      ߽ϴ.   ñ õ ڿ  Ű ȣڷ  ׸ ߽ϴ.  ķε ñ ѻ  Ű,   ־, õ Ƹٿ ϴ  ҽϴ.",
û籺,,,ǰ      !," , ĥ  ٶ, ¹ȭ",ϰ ̸  ,  ,¿  Ҿְ   ϴ   ȣ ,"   Ҿִ  ȣ, ",", û    񡱶   ־ϴ.    ݺ 췯 Ư   ־, ̴ û  Ÿ  ̾ϴ. ״  µ  ȣڿ, µ鿡   Ҿ־  Ű ϴ.
 ,  ū ǳ ư,  η ϴ. ׶  µ鿡  Ҿ־    ٶ ,   ȫ Ƴ½ϴ. ǳ  ,   񿡰   ϸ  ŷ    ߽ϴ.  鿡 ǰ ູ ִ  ȿ ˷ָ,  Ÿ  ٸ   ãƿ ̶ ߽̾߱ϴ.
 ķε  µ Ű  Ұ, ظ ¹ȭ     Ÿ  ̸ ƴٴϸ ڽ  ϴ. ݵ  Ǹ µ     µ, ̴      ݴϴ.",
ȫ,,,ȫ  ̾߱ 츮 ڶ̾!,"ȫ å, ϱ","ϰ ο  , ȫ ȭ  ļյ鿡 ϴ  ߿ϰ ", ġ (𳪰ų   ٵ ġ),"ȫ  Ű, ȭ    ȫ  縦 ļյ鿡 ϴ ","ȫ  ȭ Ű ȣ, "," ȫ  Ű Ư ϴ. ״     ϰ ,  ӿ  ȭ   ϴ.  ȫ    ϱ ,      ļյ鿡 ؿ.  ,  ҳ ٰ .  ̷   ۾ƿ?  ߾.   ܼ  ƴ϶. ȫ   ⸦  ־.   ļյ鿡 Ϸ ϴ Ŷ.  ҳ   , ׳ ȫ    ߾. ״ ó ȫ ȭ Ű  ϰڴٰ ߴϴ.     鼭 ȫ ȭ  Ű ־.",
걺,ûȣ,," Ҿȿ ġ ִٸ,  Ҹ ","ȣ  , , ","ϰ ϸ,   縸  ",: ￡ ︮  Ҹ 鿡 ° ⸦ ,̷ 鿡 ° ⸦ ϴ ,"ȣ Ű ġ , ûȣ","ȣ Ű  ûȣ ȣ    ٶ   鿡 ԰ ⸦ ϴ Ư  մϴ.  տ    ̰ ֽϴ.  ̿   ޷ ־    ε巯 Ҹ .  Ҹ ȣ  Ҹó   縸 η  ݴϴ. 
 , ûȣ ⷷٸ Ѱ 鸮 ٸ ǳ ϰ η 缱  ̸ ߽߰ϴ. ûȣ   翡 ٰ, ̸ ¦ ϴ.  Ҹ ϰ  ,   η Ƶ ߽ϴ. ̴    ã, ⸦  ٸ  ǳ  ־ϴ.  ûȣ   鿡  ϱ  .
ûȣ ȣ ã ̵     翡   Ҹ ο  ϸ, õ ȣ  Ű ֽϴ.",
¾ȱ,,,"ڿ  Ͼ, 츮 Բϸ ٽ ȸ  ־!"," ٴ, ٴ , ڿ ȸ","ε巴 , ٴٸ Ű  ϰ ܷ ִ . ڿ ȸŰ   ϴ.",ٴ   ûϻ     (ڿ ġϴ   ),¾ ٴ  ġ   ,"ٴ  ̲ , ",", ¾ ٴ ӿ    ־.  ٴ   ڿ  ϰ Ʋ. ׷ , ¾ ٴٴ ū ó ԰ Ҿ. ⸧ ٴٿ 귯    ޾. ٴ     ,  ٴ ȸ ;߰ڴٰ ߾.
 ؾ   ٴٿ û ĵ ׾. ״ ⸧ Ⱦ, ٴ      ä  ϴ.  ð ɷ, ٴٴ  ȸǾ,   ٽ Ƴ ߾. ݵ  ٴٸ ϴ  ؼ װ Ű, ¾ ٴٰ ٽ Ǫ  ٴٷ ǵƿ Դϴ.
׸  ٴ  ذ ִ 鿡 ٴٸ Ƴ  ߾.  п ¾   ڿ Բϴ, Ƹ ǰ ٴٷ ˷ Ǿϴ.",
û,Ҵ,," ̾߱⸦ ,  뷡 ٰ!","ٴ ĵ Ҹ,  ٶ Ҹ,    뷡, û ȭ","ϰ ε巯, ڿ  ̾߱⸦ Ѵ.",Ҷ  ̿ (Ǳ) , ڿ Ҹ ϴ  ,"泲 ̾߱⸦ ϴ , Ҵ",",  ߴ , Ҵ  ̾߱⸦ 뷡 θ 鿡 ߾.  Ƹٿ  ȭ  ̾߱ Ҵ Ҹ ,   뷡  ⻵.    , Ҵ ū Ǹ .   ̻  ̾߱Ⱑ ٰ ߱ .
׷  , Ҵ û ڿ ӿ ο Ҹ . ĵ Ҹ,  ٶ,  ӿ   뷡 ڿ Ҹ ġ  ̾߱ó Ҵ񿡰 ӻ迴. ׻Ӹ ƴ϶    꼺 ɿո,   Ҹ  ־. ׶, Ҵ ޾Ҿ.   û ڿ ȭ꿡  ̾߱Ⱑ   ִٴ ɿ.
Ҵ ٽ  ,  Ҹ Ƹٿ 뷡  鿡 ֱ ߾. ¾ ĵ, õ , ο  ҿ  Ҹ ѵ 췯 ο ̾߱Ⱑ Ǿ,   뷡  û Ƹٿ ٽ ϴ. Ҵ õ û  Ҹ 뷡 ٲ, 鿡 ϰ ־.",
ûֽ,ϱ,, ϵǴ ̴.   Ű   ӹ.,"å , 꼺߼","ȣ , Ž , ϸ鼭  ", å,û    ̾߱⸦ Ѱ  ȣ,"û 簡   å Ű , ϱ"," , ûֿ ϱ Ư  Ҿ. ϱ ٸ  ޸ å  ϴ 񿴴ϴ. ׸ װ     ٷ  å̾ϴ.  å ûֿ Ͼ  ̾߱⸦  ־,  å  û 簡  𸥴ٴ  ˰ ־. ׷ ϱ  û뿡 ִ  å Ű ־.  å ӿ ûֿ  ߿ ̾߱   ־. û ɵ    Ư ̿. 
Ϸ ϱ  å ݰ   , å ӿ  Ҹ  ߾! ""Ź! Ź!"" Ҹ  å  Ⱦ. ϱ  å  . ׸ װ ״ û  ̾߱   ־ϴ.  ̰  , ߿   , ׸ 꼺  ο  Ű ̾߱⵵ ־. ϱ   ̾߱Ⱑ ûָ Ű  ˾Ҿ. ϱ ̵鿡 ""츮 ̾߱ ؿ.  ̾߱⸦  ϰ  ̷  ̾  ־."" ϸ, ûָ      ߿  ϰ ִϴ.",
ֽ,,,"ð ó 귯,   ǰ ִܴ.","ȣ, ǻ, Ⱥ õ,   û","ϰ ο,  ſ 縦 ѳ 鿡  ִ  Ѵ.","  ð Ʈ
( )", ſ 縦 ϴ ð Ŵ,"帣  Ű , ","ȣ źο Ǿ ð 帧 Ű ,  . ״ ӿ  ̾߱ ߾ ǻ츱  ִ ź ð Ʈ ϰ, ڿ ð ȭ Ű ӹ ð ־.
 , Ⱥ õ ڱ İ     ū ȥ .  ̸ ϴٰ ǻ 󿡼  ð    ִٴ  ߰߾. ð  ڿ ȯ ϴ ߿ Űü,  鼭 õ  Ⱑ    ̾.
 ŷ  ð Ž ö ð   ŷ ϴ. ŷ  ð ǵ  ãƳ,   ð Ʈ   ƿ    ߾.   õ ٽ ߰ſ  վ°,  ȭ ãҴϴ. 
  ȣ ǻ, Ⱥ õ  ð  ߾ ̾߱⸦ ϰ ־.   ׸  ð ȣڶ θ, ȣ     װ   Ŷ Ͼ.",
õ,ûǪ,,"ûǳó , Ǹó ",", ڴ 곪 , ûǳȣ ",Ȱϰ 峭Ⱑ   Ȳ  ," ,  ", Ű ڿ  ϴ ûǳȣ ȣ ,"õ ڿ  ȣϴ Ǫ, ûǪ","   , ϴð  ϴ õ ûǳȣ ̶ ź  ־ϴ.  ϴÿ   ӱݾ ûǳȣ Ǹ   ϰ, õ ڿ Ǫ  ġ  ִ  ̾.     ϴ.   Ϸ Ž彺 ڵ , ûǳȣ Ǹ Ű ȣ,  ûǪ񡯰  巯½ϴ. ûǪ  並 θ  ̸     Ű  ѳ½ϴ.  ڷ ûǪ Ǹ    ð, ڴ縦  ׳׵鿡Դ ż 곪      ־ϴ. ûǪ  ûǳó , Ǹó ! ġ 鿡 ڿ ϰ Ű  ƽϴ. ݵ ûǳȣ  ӿ ûǪ 峭  ߸ õ ڿ  ȣϰ ִٴ ̾߱Ⱑ  ֽϴ.",
걺,ȭ,,"ڿ Բ,  Բ","ð̱,  , 긷̿,  ׸׸ ","ģϰ ȭ, ڿ      ",   ,ȭ籸    Ű 鿡 ڿ  ϴ ȣ ,"  ٶ ׸  ȣ, ȭ","ȭ籸 ȭ񡯶   ־. ȭ ̰    ǳ ϴ 񿴴. ״ Ǫ  ε巯  , ȭ籸   ׸ ׸ ð   ߴ. ȭ ׸ ź   ־,   ڿ  ִ  ϰ ־.
 , ȭ籸 ȴ ҳ  Ұ  ־. ҳ ȭ籸  ӿ  ã   ž, ᱹ  긮 ɾ ־. ׶, ȭ ׸ ӿ Ÿ ҳ⿡  ˷־. ȭ ڽ ׸  ׸  Ǯ ҳ ϰ  ־, ҳ ϸ ȭ籸 ̾߱⸦  鿡 ߴ.
 ̾߱     ȭ ڿ Ű   ȣڷ ˷ Ǿ. ȭ    Ű  װ ڿ , ׸  ȭӰ ư   ߴ. ó ȭ籸 ã ̵ ȭ ó źӰ ȭο ⸦   ִ.",
,ֱ,," Ҿ ,  ãƺ!"," , Ѱ,  ","ģ   .  ȭ Ű,   ̵鿡  ִ   ", źο ٻͷ  ,Ӹ ֻ縦 Ű   鿡  ձ ̴ ," Ű  ȳϴ  ȣ , ֱ","ֱ  Ӹ   ӿ ֻ縦 Ű Դϴ.  ֿ ӹ  ȭ Ű,    ʵ   ϴ Դϴ.  ,  Ұ Ȳϴ  ҳడ  Խϴ. ҳడ ؼ  Ŵٰ    , ֱ Ÿ ҳ࿡  ߴ źο ̸ ǳ׸  ȳ߽ϴ.  п ҳ  ֻ翡   ־ϴ.
ֱ  ڿ ֻ ȭ Ű,  ߿ Ѱ ϴ. ״ ׻    ְ, ӿ ߰ ߿ Ѱ  鿡   ݴϴ.",
õ,ÿ,,"ڿ Ҹ,  Ҹ.  ӿ  ̾߱⸦ Ǯ","μҴ ڿ,  , õɸ",ڿ    ϴ ϰ  . 鿡  ø ִ ,ڿ Ҹ  ø ϱ    ,"ڿ    а,   ÷  ο  ϴ Ư ","ڿ Ҹ  д  , ÿ","μҴ ڿ , ÿ ڿ Ҹ    д 񿴾.  ,   Ŀ    ɾ ־. ÿ     ٶ  Ҹ   ־ϴ.  Ҹ    ִٴ  ˾æ ÿ,   ÷ Ǯ ߾. ״  ̿  , ٶ Ҹ,  ӻ  ø ϴ.  ô ġ  ó ο , ׳  ø а  ݾ . ÿ ̷   , ׵   ÷ ϴ Ư 񿴴ϴ.  ô   鿡  ϴ. ׸Ͽ ÿ õ Ǹ ε źϰ Ͽϴ.",
,,," ڿ   , ְ Ծ"," , ڿ   , ż ϵ"," ڶ󳪴 ϵ ϰ, ڿ Ƴ 鿡    ","    ٱ,   ", ǳ ϵ   Ű   ," ڿ ڶ ż ϵ ູϴ ,  "," , ׸       ־.   ϵ ſ Ͽ Ϲ ٰ  ϵ鿡  ڶ󳪶 ູ  "" 뷡"" ҷ־.      ""õ "" ǿٰ ˷ ־.   ,   ã   ٰ ߾.    ⿡   ɴٰ Ͽ ƹ     .
 ,    'õ ' ã ߾.  ã  ʾ.  Ȱ Ѱ   ڿ  õ  ãƴٳ. ׷ ħ Ȱ   ݺ  ɺ ߰߾.  ۰ Ƕ ɺ   뷡 ҷ־.  뷡   , õ  ɺ  Ǯ ϴ ħ Ƹ Ŀٶ    Ǿ.      ڿ , ׸ Ͽ    ̷  ̾.
   ,     ǳϰ ְ ڶ ǵ Ծ.   ׳ ķ ų     ̾ϴ.   Ϲ  "" 뷡"" ҷ  ϵ鿡 ູ ְ ־.",
,ޱ,,츰  ӿ   ǰ ־,"±꿡  , "," ſ ȣ  밨   ٴ ҽĿ  ʰ, ̸ ذϱ    ܷ .  ̰   ,  鿡Ե ް  ."," ,   ٱ",   ϴ ä ,"ó  ޵ Ű , ޱ",",  'ޱ'   ־. ޱ ϴ  ,    ϳѾ  ߾.   , ޱ  ʾҾ. ״  ΰ  ִ 򿡼 Ÿ Ÿ   ã .
׷  ã Ŵ , ޱ    Ǿ.  ޱ񿡰 . ""      ̶.     ǵ   ž."" ΰ   ޱ װ  ̾ٴ  ޾ƿ. ״ ó پ     ӿ ǰ Ŀٶ ް ׸    59 ̿ հ հϰ Ǿ.
ޱ ٽ Ÿ Ÿ  ƴٴϸ 鿡  ⸦ ־.   п   ٽ  ٱ ߰,   ϳѾ ƿԾ.  ٽ    áϴ.",
õ,ǳ,, ѵ ū  ǰ ־.,"ȣ  Ÿ, õ ܼ, ٸ",ϸ    Ƴ  ߿Ѵ.,  ָӴ, ο ٸ  Ų ڿ ,"ڿ  Ű  ȣ, ǳ","õ  , ȣ ٸ ̿ ڸ   Ư   ־.  ̸ ǳ. ״  ڿ ϴ 񿴾. ǳ 㸮㿡    ָӴϰ ޷ ־.  ǳ  ѷ   ǻ츮ų, õ  ⸦ Ҿִ Ư ɷ ϴ. 
 , ٸ   ȣ   ̻  . ǳ  ϴ ڿ    ߰.   Ž ԰  Ű ٸ  Ȳϰ  ־. ǳ   ѷ,   ӿ  ڶ ߾. ״  鿡  û߾. ٸ ûϰ ȣ  ڿ Ʋּ.   ѿ   ſ!   ൿ   Ʒ ǿ ǳ並   Ƴ¾. ǳ 鿡 ڿ ϴ   ǳ並 ٰ ƴϴ.",
,,,ش 뿡 ۵.,",  û, ","ϰ  ,  ɷ پ."," 
( Ϲ ̳,   ϰ . £ Ȳݺ, ο   )", Ҹ  ̾ ȭ Ŵ," ȭ ̲  , ","    ó  ȭ ¡ϴ ,  Ҿ.  Ư   ־µ,   ︮  ְ,   ︮   ź ɷ ϴ.    ž ö   ̾߱⸦  ̵  .
 , ⱳ   ŵ ̿  .   , ŵ  ȭ ϸ θ   ä .  ̵ ȭؽŰ    ︮ ߾.       ̴ ︮ ʾұ⿡,    ȣ   ִ ҳ ãưϴ. ҳ ⱳ ڿ,  Ҹ ߴ ̿.  ҳ⿡ ߴ. ""װ    ٸ Ǿ .  ̾߱⸦ ϸ ̵  ̾  ְڴ?"" ҳ  Ź ޾Ƶ鿩  ŵ ̸   ̾߱⸦ ߾.  θ ϰ    Բ  ž Ʒ 𿴴ϴ. 
ҳ   ︮      . ׳ ,  θ ϸ ȭӰ  Ǿ,  ̼Ҹ  ߴ. ""     ְڱ.    ʿϸ  ҷ!"" ݵ  鿡  ⸦  شٴ ̾߱Ⱑ ϴ.",
ܾ籺,,,ܾ Ƹٿ  ų ž!,", , ´ް , ܾȰ ǳ"," ȣ , ܾ ڿ  Ű åӰ ",,  ȣϸ ڿ Ƹٿ ̾  ," ź Ű ڿ ȣ,   ","ܾ  Ư  񡯰  ־ϴ.   츮  ϳ   츮  Ű ־ϴ. ״ 츮   ʵ  㸶 ޺  ߰, 츮  ϴ.  츮 ܾ 鿡 ູ ȭ  ִ, 츮   ʵ   ߽ϴ. ׷  ,  츮    ִٴ  ˰ Ǿϴ. ׷ ״ 츮 ֺ   ãƳ,   ⸦ 츮  ۶߷  ȸ׽ϴ. 츮  ٽ ϰ  ܾ ڿ  Ƹ ,   װ Ű ܾ ȭ ̾ ֽϴ. "," , ܾȰ   ܾ翡 Ư  񡯰  ־ϴ.   ޺   θ, ܾȰ   Ƹٿ ϵ  ȣڿϴ. ״ Ѱ Ҹ  ߰, ڿ  ӿ ູ ã ο ̾.   ,  ܾȰ  Ұ õ  ٰ ο ϴ.  ã  ´ް 湮 ״   ´ 屺 ʰ 򰭰ְ   ̸ ߽߰ϴ.  ǵ鿡 ū    ޺     ηȰ, ܾȰ  ٽ ⸦ ãҽϴ.  ڿ Ƹٿ ѳ  ܾ ȣڷ  ߽ϴ. ó ܾ       ̶  鿡  ڿ  ϱݴϴ."
ûϵ,û,," ٶ,  ,   ģ!","ûǳȣ, Ӹ,  ,  ӹ","ȣ  å б⸦ ϸ,   Ϸ ο ",޺ å( ۾ ϴ  ), Ű ڿ  ϴ ο ,"ûǳ   ϴ  , û",", ûϵ ûǳȣ ӿ Ư   ־.  ̸ û. ûϵ   ϴ û   ϴ '' ȴ Ժ    ޸ . ״ ڿ ϸ, ûǳȣ Ӹ  ߾. Ư   ̾߱⸦ ؼ 鿡 ְ ߴϴ.
û "" ٶ,  ,   ģ!"" ڿ ģó ¾. ״    ӹ߸ ߰,      . û ׻ **'޺ å'** Ư   ־.  åǴ  Ư ɷ  ־.  å ġ ۾ ޺ó ¦̸ Ƴ,  å   û ְ ߾.
û ûǳȣ Ӹ  ãҾ. װ ڿ Ҹ   , ״     . 鿡 ûǳó      ֵ  û ûϵ ǥϴ  , ó  ̾߱  ־.",
ֽ,Ҹ,,Ҹ   ϼ!,"ǼҸ,  Ǳ, ֺ",ϰ â̸  ̾߱⸦  ￩  ,ǼҸ : Ҹ ȥ  ִ Ư ," Ҹ  ϸ,  Ҹ  ǼҸ  ε帮 ", Ҹ ̾ ǼҸ ," ѿ Ҹ ǼҸ ϰ,  Ҹ  ٲٴ 񿴾.     Ҹ ϡ,  ε帮  ѿ  Ҹ  ϴ. ׷  ,   Ҹ  Ұ Ǿ. ׷ , ǼҸ ϴ ҳฦ  Ǿ.    Ҹ  ҳ Բ Ҹ  ã   ѿ . ħ  ã   ǼҸ ϼ߰,  Ҹ  ѿ  ȯϰ ϴ. Ҹ ׳   Ҹ  ϸ  븦 մ Ư  Ǿ",
,ؿ,,ð ̾߱⸦ ?," ٴ๰, , ع«, ϻ","Ӱ ε巴, åӰ ",ٶ Ÿ  ð Ѿ  ̾߱  ҷ Ư ħ,  ̾߱⸦ Ű  ٶ Ÿ ٴϴ ," 縦 Ű ٶ ȣ, ؿ"," ٴ뿪ڹ ó  ؿ  縦 ϰ ѿ Ư 񿴽ϴ.  , ״  â Ϲ     縦 ؾ  ߰. ؿ       Ȯߴϴ. ׸ ״   ߰߾. ٷ     ġ ؾ ִٴ ̾. ؿ  ٽ   縦 ϰ ;߰ڴٰ ϰ    ٶ Ű      ̾߱⸦ ҷ½ϴ. Ư ħ  ð ѳ ̾߱⸦  , â Ϲ ٽ ϰ ǻȽϴ.
  Ÿ ٽ ϰ Ǿ, ؿ װ  ġ 鿡  ־.  ٽ Ȱ⸦ ãҽϴ.  ؿ Ű     ӿ  Ƴ Ǿ.",
ͻ,,, ƾ ¥   ,"̸   ǳ, ձø    ,
ͻ ָ   ",    Žϸ 鿡  ϱ Ѵ.  縦 Ű ⵵  ִ.,"ͻ ָ ߰ߵ  , ձø  ߰ߵ ݵ   ݵ Ӹ , ͻ ̸ž ߰ߵ 縮",  Ű  ȣ ,"   縦 Ű ȣ, ",", ͻ ̸ ó 񡯶   ־.  Ͽ  Ƹ ڽ ̸    ͻ꿡    縦 Ű ȣڿϴ.
Ϸ ż ٶ Ҹ ̸ ž 鸮 ߾.   ĳ, ž ʶ߸   ߰߾.     縦 ذ  ڽ  ô  Ƿ Ǵ̾.
  꿡    ߾. ״ ձø    ݵ  ãƳ¾.      ǰ ¡. ̸ Ϳ ߱ 縮 ߰߾.     ȭ ¡ϴ ̾ϴ.  ָ   ⸦ ¡ϴ   ű ߰߾.
    տ     ư,   ž ѳ´ϴ.  鿡Ե  ̾߱⸦ ָ   ġ ݰ ߾.
׷ ó ̸糪 ձø  湮ϸ,   ̾߱⸦  ְ  !",
,󾥱,," ӿ  , ĵ ݵ Բ ",", ,  ,  ǥ",ó    ϰ   ϰ ġϷ  ,"屸,    ǥ", äο Ҹ ϴ  ," äο  Ҹ ϴ ǰ, 󾥱",",  '󾥱'    ־. ó ƹ  ,     . ׷  , ״  뷡  Ǿ.  뷡  ƶ    ־, 󾥱   ó . ׶ ״    .
󾥱   ڿ Ƹٿ  ,  ԰  ⿡ ź߾.   ū  гο  . ״   ӿ ε   , ׵ ο   ǥϷ ߾.
 󾥱 鿡  ָ,  ,  ġֱ   ϴ.  ,  ǿ    Ǯִ  Ǿϴ.   鿡  ȭ ־. 󾥱      񿴴ϴ.",
,θ,,    Ŀ.,"ѷ, ׸ũ, ߾"," , 鿡  ϴ Ͽ    .", θ,鿡   ϸ  ҷ ,"  ϴ , θ",",  ѷ   ȥʰ Ǿϴ.  ȭ θ  ־,  ȿ    ־ϴ.    θ ӿ   ¾ϴ. ٷ θ񿴽ϴ. θ    ϴ  þ, ڽ ؾ    ϴ.
θ ڽ ã   ϴ.  , ״   ϴ ڿ ڰ  Ҿϴ  ҽϴ. ڴ ߽ϴ. 츮 ,   ׳࿡ ʿ  𸣰ھ. ڴ ߽ϴ.  ,  ׸    ǹ . θ ׵鿡 ٰ ߽ϴ.  θ ϰ Բ ϴ ̿. ҾԵ ,     Բ ư.
  θ ϱ ߽ϴ. θ ׵  , ڽŵ   ޾ҽϴ. ״  鿡    ϴ μ  ߽ϴ.",
,빰,,   ٳ!,", ڽ,  ҹ","ϰ  ̸, ڽ  ҿ   åӰ ."," ׾Ƹ
( ҷö Ǹ, Ȱ   )",  ޾  Ű ,"  ӿ   , 빰",",     ̾ , 빰  ־ϴ. ״   ٽ ߿ ǳ並 ִ ȣڿϴ. 빰  ó , ۹  Ҿִ  ־ϴ.
  ,    ãƿ   ٴ 巯½ϴ.   ְ Ÿ  տ  ⵵ ÷Ƚϴ. ׶,  ӿ 빰  巯½ϴ. ״   ,  ̱  ã ߽ϴ. 빰      ź  ãƳ½ϴ. ״   ߽ɿ , ڽ     ƺξϴ. ׷   ϴ÷ Ȳݺ Ȱ ǿ ÷Ƚϴ. ̾ Ȱ  Ǿ  ߸  ̽ϴ.   ġ  ó ߰,  ۹ ٽ ̱׷  ãҽϴ.   ź ⸮ 빰񿡰    縦 ÷Ƚϴ. Ŀ 빰  ߸   鿡  ǳ並 ߽ϴ. ݵ       빰  Ȳݺ ø 縦 Ѵٰ մϴ.",
ֱ,û,,û  ƾ ¦!,"û ſ Į,  ű, û,  ","峭  Ȱ,    ","û ġ û ſ  , źο  ֺ 𳯸",û  Ű   Ҿִ ¦̴ ȣ ,"û ȥ Ҿִ  ȣ, û","  , ֿ ݼ  ٷ źο ε  ־ϴ. ׵ û ſ, Į, ű  ֺ  ڶ ǰ ̸ ˷.  ߽ɿ ٷ н  ־ϴ.    鿡 ""û ȥ""̶ Ҹ,  û ǰ  Ǵ źο ̾.
  ,    ó ϴ. ֹε ũ Ȳ, ٷ ׳ , ̻ Ҹ Խϴ. ""¸¸¸!""   ޺ Ʒ ۰ ձ۵ձ  𰡸 ε帮 ־ϴ. ״ û ¦̴ ſ  ־.  ֹε鿡   ˷ָ ߽ϴ. ""  ܼ  ƴϾ! û   .   Բ Ϻ û ǰ ٰ!""
׳ ķ      Ǹ û ǰ ½ϴ. û  縦   ϸ,     ȭ Ҿ־ϴ.",
â,,,ǰϰ ູؾ ¥ ִ ž,"â, ε, û, ",峭  ٰ,     ,â 缺  ǰ ູ ϴ ʷϺ ġ ," ȣڷ ǰ ູ ϴ , "," , â 缺 Ʒ   Ҿ.  ۵ϰ ʷϺ ó ¦̴   ԰   Ϳ ģϴ.   ߴ    ֺ   ѺҾ.
 â ã  ǰ ູ  Ư  ߾. Ϸ Ӹ      ӻ̴  . ""ٸ  ʹ . ׷ ǰ  ִٸ  ƾ.""     ̼Ҹ   ̸  ÷Ⱦ.
 ̿ ¦̴  ,  ִ  ϳ ¦̸  ߾. "" Ӹ     ž.    ٸ   ,     ǰ ž!""     ٽ    Ұ,     ϴ.
 ķ 缺 ã    п  ǰϰ ູ.      Ѻ, â ã  鿡   ְ ִϴ.",
ξȱ,ڱ,,   ¾ƾ ! ȭӴٱ!,"ݵ ġ,  , ξ ûڹڹ","ȭӰ ϸ, 鿡  ִ  ",  ڱ ,û źο  ξ ȭ   ȣ ,"  û  Ű ȭ , ڱ","ξ    ӿ ڱ   ־. ڱ ûڿ  źο  Ű Ư 翴. ״ ٴ尡  ӿ  û  ãƳ,  ӿ  ȭ ȭ  Ǯ  ߾.  ,   ū   ڱ   ڱ ̸  û  ҷ¾. ̿ վ ε巯      ־, ׵   ذϸ ȭ ãҴϴ. ڱ    ӿ ӹ  û  ξ ȭ Ű ־.    縦 ϰ ϸ,    ̾߱⸦ ϰ ִϴ.",
â,,,    ܸó  ! â  ְ!,"â , Ұ, õ  ","ϰ ϸ, ڽ  忡  ںν ","ȿ ְ:Ư   ְ, ȿ  η    ´",ȿ  θ ְ â   Ű ,"â  嵶븦  ȿȭ Ű , ",,
ӽǱ,ġ,, ġ ӿ  ູϰ    ־!,"ġ ,  鿡  ϴ ","ȣ ,   ;ϴ .   ġ , ִ  Ѵ.",Ӹ  ΰ,ȯ źθ  ӽǿ ġ Ų ġ ,"ູ ֹ  ġ  , ġ",", ӽ   ȣ    ־. ӽ   ߿ ̾,   ҵ  . ׷ , ⿡ ȯ źΰ ӽǿ ͼ ġ  ߾. źδ  ġ   ҵ ̰ 鿡 ο ȸ ְ ;.
źΰ ű  Ѵٴ,  ñؼ ڱ⵵ ޶ . ׷ ״ ġ Ǿ. ġ ȯ źο ġ ܼ  ƴ,   ǳӰ    . ׷ ġ Դ     ູϰ ޶ ֹ ܸ ġ . ׷ źο Բ ġ   ϸ, ġ ݰ ູ 鿡 .
   ġ 鼭 ҵ þ, ӽ ġ  ˷ Ǿ. ġ   Բ ӽ ġ  ۶߸, ӽ ε âϵ Դϴ.  ġ ׸ũ , ġ   ̾߱ Բ ӽ 鿡 ູ  ð Ǿ.",
ȱ,ž,,ž ϳϳ ȭ !,"̻ ž,    ǳ,  ó ڶ Ǯ",ϰ ϸ ȭ ߿," ġ( ϰ ٵ  ), ȭ    ",̻  θθ Ʈ  ȭӰ   ,"ž ׾ ȭ  Ű , ž"," ""ȭӰ  ""̶   ̸ó   ȭ ȭ   ̿. ̰ ̶̻ źο  ִµ, ̻ ϴð     ȭ Ű  .  ̻    ȭ ·ο  ִϴ. ׷ ̻꿡 Ư , ""ž""  ־. ž ž ׾ ̻  Ű  þ. ձ۰ Ϳ  ž  ϳϳ ȭ   ž  ׾ƿ.   ż ٶ ž   , ž  ʰ ٽ ž  ̻  ǻȾ. ׷ ž    鵵 ž   ž .  ̻꿡  ž  ͵ ٷ ׵ ̶ϴ. ž п  ó ȭӰ    ־.  Ƽ   ڿ, Ư 빮ȭ,  簡   ִ  ž ̻     Ʈ ֱ .  ",
ֱ,,,  Ȱ  ,", õ , ӷ, ݵ",ϸ ϰ   , ݵ,   д   Ŵ," ٽ  , ",",    ӿ  źο   ־ϴ. ״  帣 Ȱ ٷ ɷ»Ӹ ƴ϶, ݵ ȣ  ִ Ư ɷ  翴ϴ.  Ȱ  , ݵ ҷ  ָ  Ű ־ϴ.
ֶ Ͼ,      ǽϱ ߽ϴ. ׷   ٰ,   Ȱ     ü ߽ϴ.    Ȱ ܼ þ߸  ͸ ƴϾϴ. Ȱ ӿ   Ұ, ޼ӿ ߸  ̲ ȯ  ȥ ϴ. ᱹ   Ŵ ϴ.
׿ ÿ,    ݵҵ ҷ ҽϴ. ݵҵ   ϰ ̵  ֵ  ߾,   ¦̴  ȯϰ ϴ.   ݵҵ ̿  ϰ ǳ  ־,  ׳ ,   п 鿡  Ұ Ǿϴ.
  ķ,  ܼ  ƴ,  ź   Ư ҷ  Ǿϴ.  ׸ < ȣڡ> ϸ,    Ȱ ӿ  ִ ȣڷμ,   ⵵ ǰ ư ִٰ ϴ.",
,ȫ,,  ִ  󰡸   ٸ ־,", ѿ, "," ǵ  , ˱  ", δ   ƿ," ̷  踦  ,   "," Ű źο , ȫ","ȫ  ڿ 縦 Ű ȣ̾.  Ư ġ  θ ˸,  ̷   ȫ Ư ӹ ޾Ҿ.  ǥϴ ߿ ڿ 4 ãƾ ߴϴ.
ù °   . ȫ  Ÿ   ߰, װ   ãƳ  ־ϴ.  °   ߻ڿ. ״     ڸ ãҰ,  ڴ  ǰ ǳο ¡ϴ ߿ ڿ̾.  °   ѿ쿴. ȫ ѿ츦 ⸣ ε ȭϸ ׵ ܷ°  , ׵  ޾ ѿ츦 ãƳ´ϴ. , ȫ  ()   ݼ и ãƾ ߾.       ¡ϴ ߿ , ׳  ܷ ǰ ־.
ȫ    ڿ  ã,    ǻ  ̷   ־ϴ.  ȫ  ȣμ,      Ű  ư ִٰ ϴ.",
"
Ưġ",,, Ҿ !    غ Ǿ ־! ," ,  ȸ,  "," ̸, 鿡   ϵִ   ",Ӹ  Ȳݺ(ħ) ħ, ħ ϵ ް ̷  Ȳݺ ȣ ,"Ȳݺ ħ õ  ̲  , ","ϵ Ȳݺ ǰ ٶ ӿ ¾  ձ۰  , ۰ Ϳ , ׸ ޻ó ¦̴ Ȳݺ   񿹿.  Ӹ   ִ Ȳݺ ħ   鿡 ο  ˷ִ Ư ɷ ϴ.
 ǿ ε鿡 ǳ, ξ  ε鿡 , ֿ ս 鿡  ϸ ϵ  ٴϴ  鿡  ⸦ ִ 翹. Ư    ż ȸ ϸ, ִ       .
  ̷ ϰ ؿ.  Ҿ ƿ. ߿  ٽ Ͼ  ư ſ.    غ Ǿ ־!   ϴÿ ׸ Ȳݺ ħ   õ  ޲ٰ Ǿϴ.",
,Ķ,,ٴٴ   ʾ!  ȳٰ!,"޻ ,    Ҹ, ȫ","ϰ åӰ ϸ, ٴ ڿ ", ȣ," ȣ  ȭ Ű, 鿡   ִ ޻ ȣ "," ȣ Ű ٴ ȣ, Ķ  "," ,  ִ ޻꿡 Ư  Ҿ.  ̸ Ķ, ٴ ģ, ׿   ϰ   ֵ  ȣڿϴ.
Ķ  ٴ ӻ , ĵ    ־. Ư, װ   ȣ ٴ  ǰ Ư ̶ϴ. Ķ ȣ⸦ Ҹ ٴ  Ÿ, ģ ĵ ٶ   ־. ȣ  Ҹ ٴٸ ǳʴ 鿡  ˷ִ ̰ Ǿ.
 , ׿ ǳ찡 ƾ. ϴ  , ٴٴ Ŵ ҿ뵹̷ . ǳ ӿ   Ұ 迡 , Ķ ޻  پö. ׸ װ  ȣ⸦   Ҿϴ.  û ȣ Ҹ  , ٴ źϰ  Ÿ  θ ױ ȳ߾. ÿ ĵ , ǳ ġ ̶    ɾ. 迡    Ķ񿡰 ϸ, ׳ ޻ ȣ 񡱶 θ ߾.
 ķε Ķ ٴٿ ױ Ű 鿡  ־. ޻꿡 ö ҿ    ϳ , Ķ  ҿ شٴ ̾߱⵵   ִϴ.",
,,," ɵ  ڶ  ž, ΰ ູ  ֵ!"," , ٴ, ̺ī Ÿ ѷ ġ, 갫ġ","ϰ  ؼ ׻ 鿡   ϰ ;, δ     ϱ⵵ "," Ӹ:  õ ,     ȭ", ɰ  Ͽ  ǿ ϰ  ," ǿ   , ","  Ư ,   ־.  ų ܿ︶   ڰ ǵ   ߾. ״   ɰ Ǿ ־, ϳ  Ǹ ٸ ɵ Ǿ  ɷ . ׷  , ɵ Ǿ ñⰡ Ǿµ  ɵ  ̵  ʾҾ. Դٰ  ׻ ް ִ   õõ   ¦ .    õ ʴ ̾⿡, ״ ȥ.       ־µ,  ȥ鼭 ɵ õ .
 鿡  Ƹٿ   ˸ ;. ׷   ȭϰ Ư  ã ,    ǿ ʰ  ſ. ᱹ ״     ãư  ߾.  ""    Ǿ."" ϸ ׿  ־.      ߾. ɾ    ߰,     ᱹ   ٽ ⸦ ãҰ,   ɵ Ž Ǿϴ.",
õ,,," Ҿ?  ٰ, !"," , õ  ,  ",åӰ ġ ,  ǮǸ (ö ȳϴ  ),ö ϰ ȳϴ õ   ,"ö ̰ Ǿ õ ȣϴ åӰ ġ , "," õ   ¾  Ű鼭 ö   ʵ  Դϴ. ų ܿ, õ ã ö Ȥ   ȯ濡  ұ Ͼε,  ׵  ְ ȳϴ  մϴ. ״ ū  ӿ    ߰ϸ,  Ҹ !   ־! ϸ ׵ ̲. Ư  õ   Ư ǮǸ  Ҹ ε巴  Ҹ  ö   ڸ ãưϴ. ܿ   ,  ö ٽ   ߾. ׵  ,  ¦  ⵵ ,  ư  ֵ     Ǹ ִϴ. ״  ̷ õ  , ö ϰ ư  ֵ  ־. п õ Ƹ ȭο , ö鿡   ó ϴ",
,ȭ,,ȭ     Ǿ ̾!,"ȭ, ٶ,   ",ε巴 ϸ  ǳ ,ȭ    (     ),ȭ Ű 翡  ҷ  ,"ȭ ɸ    , ȭ","  1500 縦    Դϴ.     Ƹ   ־  ٷ ȭ , ""ȭ"" ̾!
ȭ ձ۰   ȭó ε巯  ȫ   񿴾. ܿ   ٶ Ҿ  ȭ ȭ ãƴٴϸ ɸ . , Ͼ!  Դܴ! ȭɵ Ǿ     á,   ⸦ ϴ.
  ؿ ߿ ܿ  ȭ  ߾. ȭ    ϰ   ִ 縦 ãư ߾. ȭ      õ ÷Ⱦ.   ,   ģ  ø  , ȭ   ־ŵ. "" ô   츮  ̰߰ ٰž. ׷  տ  ʵ ܳߵ.""  ȭ񿡰 ߾. 
   ã ȭ  ø а Ǿ.    ô  Ȳ  ʴ   ϰ ־.  ø д ȭ ū  ϴ. ׷!   ԰ ⸦ ȭ鿡 ؾ !
ȭ ȭ ãư ε巴  ִ Ҹ  ø ־. ȭ   Ҹ   ϱ ߾. ħ ɸ ԰,  ٽ ȭ    ϰ Ǿϴ.
 ķε ȭ ų     ȭ  鿡   ϰ ־.",
ֽ,ܱ,,   !,",  پ ̾߱",ϰ åӰ ϸ   Ѵ," ڿ ް ִ  ,  Ÿ", 縦  ó  ָ ϴ ,"ſ 縦  ָ  Ű , ܱ "," , ֿ  ̾߱⸦ ϴ , ܱ  ־. ܱ    ԰ ٴϸ  縦 Ű  þҴϴ. ׷  ,   ǹ ̾߱⸦  ؾ,  ǹ öŵ ⿡ ó߾.   縦 Ѿ ! ܱ    Ư ҵ ã .
 ܱ  ִ  ߾.  갭  ϰ εߴ    ̾. ܱ    ⸦ ִ ̾߱   ٽ ¿߰ھ! ߾.  ܱ ֿ ̲.
ֿ 1929,   ο 밨 л ̾߱Ⱑ ־. ׵  ִ Ҹ ø ܱ  ̾߱⸦ ٽ 鿡 ˷߰ڴٰ ߾. ׸    ܽǿ ,    ŵ  ߴϴ.
ܱ  ̾߱⸦   ٽ   ݰ,  ǹ Ű ߾. ִ ó  ð Ǿ, ܱ ѵ    ѳ ִϴ.",
籺,׸,,볪 ӻ迩ֱ ٷ.,"׳, Ҽ,  , ","볪ó   ̸, 볪  ȭ     ","볪 ٻó   , ϰ Ǿ Ȱ  Ǫ ",   ó 縸 ڿ ȣ,"볪    ġ  , ׸",", 󳲵   ӿ ׸ Ư   ־. ׸ 볪  ȣ, 볪   ɷ  翴. ״ 볪  Ű,   ȣϱ       ϰ ߴϴ. ״ 볪 ӻ̴ Ҹ  ̸, ׵     Ҿ־.
 ,  ҳడ  Ծ. ҳ ÿ ʹ   ε óް ־. ҳ ׵ 뿡   ôϱ Ͼ,  ׻   𸣰 ޷߸ . ׸ ׷   ,   Ű  ҳฦ    ϰ ߴϴ.  볪 ׶ ҳฦ ڰ ӻ迴. ׸ ҳฦ    ȳϿ, 볪 ϴ  ־ϴ. 볪 ġ ҳ ó 縸, ε巴  Ҹ  ϰ ־. ׸ 볪 ġ  ҳ࿡ ϸ, ó ġ  ֵ Դϴ.  ȭ ã ҳ  λ縦 ߰, Ե 볪  귯 ġ   ϴ.  ׸   ⺸ٴ,  ġ    ߾. 볪    ͼ  ó ġ  ִ  Ǿϴ. ",
,ö,, ſ ž ؿ!," Ϲũ ڽ, ,  ","Ȱϰ ġ ġ, ͵  ģ ", ⸦ ȭ   ٴ, Բ ޸   Ŀ," Բ ߴ   ģ, ö",",    ⽾ ö źο   ־. ö  ,   ޸ ö  뷡ϰ ߴ   ϴ.  Ҹ  ó ÿϰ ,  Ҹ Բ  鿡 ູ ߾.
Ϸ ÿ  ̵  Ϲũ Ÿ Ծ. ̵ Ϲũ ó̶ , ö ̵   Ư 峭 غߴϴ. ״ ¦  η Ϲũ   ƴ, ġ   ޸   ٲ ߾. ̵ ¦ , ö   ƺ! ġ, η    Դϴ.
ö   پ ǳ . ö     ִ       췯  . ̵ ö  Ư   ڿ  Ƹٿ    .   , ö ̵鿡  ٽ Ϳ!      ö̴ϱ! ϸ  ϴ. 
̵     ߾ ϸ  ,      鿡 ޴  Ǿϴ.",
ʱ,ݴޱ,,ڿ 츮  ģ!,"Ǿư Ҹ, ݴް,   ױ",ģϰ ̸ ڿ ,볪 Ǹ,Ǿư Ű ڿ  ģ Ǿִ ,"Ǿư Ű ڿ ȣ, ݴޱ"," ,   Ǿư ݴޱ   ־. ݴޱ ձ۰   ʷϺ   Ư . ״  ϸ Ư Ǿư ݴް    ־ϴ. ݴޱ   Ű ݴް鿡 ڿ ԰   ģ̾.
 , Ǿư   Ŵ    ƹȾ.  帣    񸶸 İ, ݴް ̸   ߾. ̸  ݴޱ ڽ 볪 Ǹ  .  Ǹ  ٶ  ҷ   Ǳ⿴ϴ.
ݴޱ Ǹ  Ǿư  ε巯 ٶ Ͼ,   ƿ 𿴾.    ݴް鵵   Ŀٶ  б . ݴޱ Ǹ ϸ   ̲, ħ     ٽ  Ǿ.
 帣   ٽ Ȱ⸦ ãҰ, ݴް鵵 ݿ ܿ  ߾ϴ.  ķ ݴޱ ݴް Բ Ǿư  ڿ  Ű  ߾. ݴޱ Ǿư  ü鿡 ޴ ȣڰ Ǿ,  볪 Ǹ Ҹ  ȭ  ¡ߴϴ.",
ﱺ,û,,   ¥ Ƹٿ ź," , û,  , ",â̰ ϸ  ִ°Ϳ ū   , ,   ڱ Ƹٿ ̾ ,"ڱ ȥ â , û   ","       ־. ״  ,   ٷ û⸦   õ   ̾. ׷  Դ н ģ ϳ ־. ٷ û , û񿴴ϴ.
û    ¾ , û     . ״  ڱ⸦   Ÿ  ε巴 ,  µ  ־. п  Ź Ƹٿ û⸦   ־.
 ,  սǿ  ׸  ޶ û ޾Ҿ.  㳷 ,    ʾ ο . ̸  û ڽ      ѷȾ. ׷      ߰,    󿡼  Ƹٿ û⸦   ־.
 ķε  û Ư Ƹٿ ,  û ڱ⿡  ִٰ   ȭ  ϴ",
,,, ø   ž!,", ڿ, ","åӰ ְ ģ , ģ ϸ Ϸ   ",   ִ ˷ϴ޷ ָӴ,    ٰ   ϴ ,"Ǫ  ȣ , "," Ǫ 翡      ־.    ⸦  Ǫ ǰ   Ư  .     Ƹ ڶ󵵷 Ұ, ׷ Ű      ϴ.
 ,   ڸ   ó ٶ㰡 ָӴ  ߰߾. ٶ  ʹ Ž    ڽ ϴ   ,   ڶ ʾ. ٶ㰡 Ȳϴ   ָӴϿ ִ    ٶ㸦 ãƿԽϴ.
׸  ٶ㸦  ε巴 ߾. ""   ɴ´ٰ ڶ ʾ.     ʿ."" ٶ   ǹ̸ ݰ ֱ .
 Բ   ɾ, ð  Ƹٿ  ¾.   ٶ   ģ Ǿ   ູ ð ´ϴ.",
ȭ,õž,, ٶ ҿ ִٸ ֻ ž  ϴ÷ ٰ!,"ֻ, ž ױ, ȭ,  ħå",ϰ ϸ  ̾߱⿡  ̴ ,Ʈ  (   ҿž  ϴ÷ ,ϴ ູ ¾ ֻ ž   ҿ ϴÿ ϴ źο ,"ֻ õõž Ű ҿ ϴ , õž","ֻ  ,  ž һ ̿ ֵ   ־. ֵ  ȭ   ⵵߰,  Կ Ȳݺ ż õõž .   ׸  ʾҰ, ֵ ᱹ ڽ  ź̷ ȭߴٰ ϴ.
ϴó õ  ֻ縦 ų Ư , õž ¾. õž ֻ ź  ޾  ҿ ϴÿ ϴ ӹ þ. ׷  , õž ǳ  ž ߰߾. μ ž ǰ ִ ҿ ϴÿ   ã õž  ⵵ õ  û߰, õ ο  ҿ   ְ ־ϴ.
õž μ      ""ҿž"" ׾Ҿ. ׸ ҿŽ  Ʈ  ̸  ɷ   ҿž ¾.   ž 縦 ,  ҿ ϳѾ ̷  . õž ݵ ֻ õõž   ҿ ϴÿ ϰ ִϴ.",
ﱺ,,,"۰ Ƿο ߿ ,  Ѿ ","۾, ̾߱, Ƿο ൿ,  ε", ۾⸦ ϸ ϰ  ,Ȱ  . å ,  ̾߱⸦ ۷ν ϴ ,"۰ Ƿο   Ű а , "," κ ""۰ Ƿο ""̶ Ͽ ̶ Ҹ. ̰  Ư   ־.   پ ε   ׵鿡  . п     Ǿ, ׻ ǷӰ Ƿο  ؾ Ѵٰ ϰ .  ￡ ִ   ȭ,    ۷ν 鿡 Ϸ ߾. ð 귯  پ,  縦 ˰ ִ  پ  翡   ̾߱⸦ ۷ ϰ 鿡 ˸   ϰ ־. ״ ƴƴ   ҿ  ãư װ ̾߱⸦ ۷ Ἥ 鿡 ϱ ߾. Ѱ ۰ ƹ ѽ¿ ۰ ۾, õа, û   ε  湮Ͽ   ͵   ʾ. п  ̾߱     Ұ,   п    ۰ Ƿο ϴ  ߴϴ.    ""   "" ǵ  񿴾.",
,ѽı,,ִ    ϰ ," ,  ػ깰 丮,   ĵ",ϰ 鿡 Ǯ⸦ ϸ Ŀ    ִ ,"ڿ ְ, ġ", Ĺȭ  丮 ,"  ǫ  丮 , ѽı","ѽı  ִ      񿴾.   Ͽ   ãƴٴϴ ,  ѽ  ̰  ع. ѽı   ִ ĵ Ű  ߾.   , ׿  ż ػ깰,  ڶ󳪴 ż ǰ, ׸  ϰ ִ  پ  丮  ߴϴ. ѽı ׷   Ĺȭ  ӵǵ  ޿     . ż ϵ Ḧ Ĵ ű ϵ þƼ .  ѽı  ϴ    ѽ  ̾. ε ؾ ϸ  ѽı  ʰ  丮 .  Կ   ѽı ϼ   Է ޷  غ شϴ. ",
س,,,"س ̳ ,  ʾ","س , س̳","ϰ ϸ, ̵ ܷο  Ÿ ",,  ϴ ̳ ,"     , ",",  س     ־. ״  ٶ 뿡 ¾ , Ƹٿ ܸ   ߴϴ.  ų  ̳ ô̳ ߾.    ãƿ   ߰, ׵ ǰ ִ  ҿ ְ ߴϴ. ׷ ״  Ȧ  ϰ   ʸӷ .   ¦  ?  Բ. ׷  ,     ,       ̴  Ҿ. ȳϼ!    ̿!.   Ϳ  ù ϰ Ҵϴ. ״   ãư ̾߱⸦ , 뷡 θ  Ű.   鿡 ޱ  ¾ 翴⿡  Բ  .  Ȳ ޺ Ʒ ⵵ϸ  ϰ ߾. ׷ ޺  ߸  Ͼ.   鿡 ູ ִ Ư  Ǿϴ.
 ķ س   ,   ̾߱⸦ ̳ ϸ    ߾. õ   򰡿   ٶ ϰ ִϴ.",
ϱ,,,  Բ ϱ⸦!,", , ϵ, ѿ"," Ȳ   , ׻  ʴ´.",    ڱ ׸,  ã   Ǳ͸ ģ  ,"  ٷ źο , ","   ,   츮  ¾ϴ. ״ ٸ  ޸  ģ ϸ, ڿ  ٷ   񿴽ϴ. 꿡 귯 ' ' ð   ڱ⿡ Ƴ ɷ  ,      ġ  ϸ ɷ ߱ մϴ.
 ,  ιڻ   ߰ϰ,  ӿ Ѷ ε ' ڱ'   ˰ ˴ϴ.  ڱ ǱͿ Ѱ ο  ϰ ־, ̸ Ǯ  ִ   ٷ 񿴴 Դϴ.
 ڱ⸦ ã  ڱⰡ  ִٴ ǳ  մϴ. ż ٶ ǳ     ڱ 縦 Ȯ, ̹ Ǳ տ  ο   ¿ϴ. ̸ ذϱ  ״   ã   ϴ.  賭      źο  ãƳ,   ڱ⿡ ξ ֽϴ. ڱ ó  ϸ ο  ϰ, ٽ   մϴ.
 ڱ⸦ ε ڸ ,  ưϴ.     п Ȱ ã,   Ű    Ǿϴ.",
ȱ,,,ó ~ ٶó Ӱ~,", Ƽ, Ͼ 춱, ",ȭϰ ο ,  ,θ  ڿ ȭ Ű±  ,"ϴ  ȭ ϴ ȣ, ",",  ̶ ҷȰ,   ȭ ̷  ǳӰ ư ̾ϴ. ̰   Ű  α  ־ϴ. α Ͼ ó ε巯  ϴ     ,  ϰ  ε ȭӰ   ֵ  ҽϴ.
׷  ,    Ÿ    Ű ߽ϴ. ε   ư,     Ȳϴ.   ū Ŀ , α  ϱ ߽ϴ.
α  ä   ȭϰ, ϴ  ƿö ε ҷԽϴ. ε  ⸦ ߸  ϴ ٽ ȭӰ .  ٽ ǳο  ƿ԰, ε  ƿ ϴ Ͼ 鿴ϴ.   α  ⸮, ڿ ϰ ȣϰڴٴ  ߽ϴ.",
,ǳ,,"  , ޻    ߰ !"," 뷡, ,  ɾ ִ  ","ϰ , ۹ ڿ    ö  ",   ִ ¤,õ Ȳ   ǳ    ," ߸ Ű Ȳݺ , ǳ","  Ȱ ߴ   Ȳݺ   ߾. ̰ Ӹ ¤ڸ ,        ǳ  ־ϴ. ǳ  鿡 ǳ Ȯ ϸ ȭ ִ 翴.   п     Ȳݺ .

׷  ,   ãƿ  ٽ .     ǳ ø  ⵵ߴϴ.  , ÿ ٶ Բ ǳ Ÿ. ״ ¤ڸ   ϴ÷ , ڿ   ȯ  .      ޸  ð ٽñ  Ҿ־ϴ.

 п  ٽ ǳ  ƿԾ.         پϴ. ݵ  ߸ ŴҴ , ǳ      !",
,,, ٸ ᱹ ùٸ  ̾!,"ȭ, ؾȵ, ","ϰ, 鿡 ùٸ  ִ ", ݺ:   ϸ ùٸ   ɷ ٰ ., ùٸ  ȳϸ  ٸ  ȭ ̷絵  ο ," Ű ȭ , "," ұ, ұ, ⵶  õֱ  Ư   ٸ ž   ȭӰ  ־ϴ. ׷    ȭ ñ   ־ϴ.   ãư ̷ . ""׷    Ǹ ΰ?"" ̿   ڽ   Ǹϴ  Ͽ   ٸ ž    ϰ ϰ Ǿ. ׷  , ϴÿ  ¾. ״ ̶ ̸ó 鿡   Ϸ Ծ.   鿡 ߾.    ٸ,  ùٸ ̿. ߿  θ ϴ ̿.    ܵ, ٽ   ϸ   Բ ϱ ߾.    翡  ùٸ  ȳϸ,    ȭο ذ Դϴ.",
强,й,,  !  åϸ  ȯ !,", , ɻ 鸲, ","Ӱ ϸ,    ϴ ",å Ƶδ å,强  ϴ 鿡   й ִ ," ִ ο , й","强 'й'   ־. ״ 强 ó Ӱ ȶ , ʾϼ ó ϴ  ־ϴ.      Ʈ  . ׷ й ׵ ɻ 鸲 .      , ٽ ο   ־. й    ڿ ӿ  Ѵ١ ߴϴ. й п   Ӱ ߰, 强  ϴ. ݵ ״ 强    ϰ ־.",
ϵ,,,"庸   ! ٴٴ ܼ ٴٰ ƴ϶, 츮    ̾","ٵ , 庸 ,  (ڿ  ġ  )","庸 İó ٴٸ Ű, ٵ  ȣϴ Ӱ 밨 ",庸  . 庸 ϴ ,ٵ   Ű ٴ ȣ ,"ٵظ ȣϴ 庸 İ, ","ϵ  庸 İڷ, ٵظ ȣϴ Ű 񿹿. 庸 1200 , ̰ ϵ û  ٴٸ Ű  ̲,   ̾  ٵ   ӿ   Ű ִϴ. ⼭  ܼ ȭ ƴ϶ ٵذ ǰ ִ  ̾߱ , ׸ Ƹٿ õ ڿ ϴ . ̵ݽ ٵؿ 庸 ̰  ٴ ̾߱⸦   ãƿɴϴ.  ٵؿ ãƿ   캸  鿡Դ ż ĵ ġ Ͽ  ϰ,    鿡Դ Ƹٿ ǳ Ѵϴ. ݱ   庸  Ű, ٵ ȭ Ű  ϰ ֽϴ.",
,Ƹ,,Ƹ  ! 츮  Ƹٿ  Ѿ ,"Ƹ,  , ","밨ϰ  ִ . Ƹ, Ư Ƹ ô .", , Ƹ  ȣϴ â ,"Ƹ  Ű â , Ƹ",",  ٴٴ ų   ٴ   ű  .   'ź ٴ'̶ ҷ.     ,   ȣŽŽ ̿Ϸ ٴ  ־ϴ. ٴ  ź ٴ        鿡 û ༼  ߾.    ź ٴ     . 
׷  ,  ٽ ٴٰ  ο  , 'Ƹ'  Ÿ. Ƹ  ٴٿ , ׸  Ƹ ô ϴ . Ƹ ٴ Ƽ 鿡 Ƹ ҷ.   Ƿ ܷ Ƹ  Ƹ θ  Ҹ ¼¼Ͽ   .  Ҹ    ߾. ڸ ̾  鵵 Ƹ  θ ٴ  ͸  ä ٴٷ پ.    Ƹ п ٴٸ ϰ ǳ  ־,  ķε ź ٴ   Ƹ   Բ  Ƹ θ ־. п   װ Ű ٴٸ ϰ ǳʸ鼭, Ƹ  ʰ ⸮ ư ִϴ.",
žȱ,ұݱ,,õõ  .,"ü, , å, ","ҽϰ ڽŰ ,  ",ұ 񴩹 ߿ ձ۰ ٴϸ Ų ϰ ,   ž     ,"ұ   Ų  , ұݱ"," , ž Ǫ ٴٿ  а    ұݱ   ־ϴ. ұݱ ڽ ɷ   ä ưϴ. ״  ұ   ִ ɷ ־ װ Ư ɷ̶  ʾҽϴ. ٸ   ȭ ̳ ɷ¿   ڽ  ϴٰ ϸ ҽϰ ڽɰ . 
׷  , ȫ ξ ٴٿ Ÿ  ϱ ߽ϴ. ȫ Ŵ     ġ  ߰, ξ  ӵ ٴٸ      ־ϴ. ȫ ξ  ڽ ɷ ڶϸ, ұݱ񿡰  ߽ϴ.  ұ ʹ !  ٴٸ   ִٴ  ! ȫ ߾.  û  !  ٴٸ     ڴ! ξ .
ұݱ    ұ Ѹ, ȫ        , ξ ұ 帧  ̴ ᱹ ӵ Ұ   ϰ Ǿϴ. ұݱ ڽ ɷ ϰ   ų  ִٴ  ݰ,  ̻ ڽ  ʰ Ǿϴ.   ׸ ó ߰, ұݱ  Ű ߿ 簡 Ǿϴ.",
󳲵,ѻ,," ְ,  Ը !",󳲵  ,"  ̾,  ٸ   ϴ  .", ѻ غ  ִ   or ,"Ǫ ѻ , 鿡   ","󳲵  Կ  , ѻ",", 󳲵  ӿ ѻ   ־ϴ. ѻ ٸ  ޸  ϴ Ž  .  ״ 󳲵 źο 'Ȳ ' ã ϴ.     ˰ ϰ,  ɷ   ִ  شٰ ϴ. ĥ Ŵ ߰   Ѵ   ʾҽϴ. Ȳݺ , Ӱ  ȫ, ٴ ⸦   ػ깰 丮 ¦̸  ־ϴ. ѻ   źο ̲, ڽŵ 𸣰   ԾȽϴ.  , ״ û  ɷ ϴ. 󳲵    Լӿ ߸, ״   Ϻϰ   ־ϴ.
׷   ʹ ؼ, װ ϴ ŭ  ԰      䱸ϰ ƽϴ. ѻ    ŭ  Ծ,   Ŵϴ.       ϱ ߽ϴ. ׶,  ο  ϴ. ѻ,  Ž  ϰ ִ.       ִ. װ   ,    ̴. ѻ   ݰ,     ߽ϴ. ״ Ǫ  غ  鿡 ־, ѻ  ̶ ǹ̷, ѻ̶ ҷȽϴ.     ɰ, ѻ ٽ   ƿԽϴ. , ѻ 󳲵    ѻ    ϴ  Ǿϴ.",
׽,̱,,"ش ׻ ϱ, ο Ϸ簡 ٸ ־!","ȣ̰ , ĵҸ, ȸ, ޱ"," öϰ ϸ,  ִ Ͽ ", ͸,ص̸ Ű 鿡 ο   ϴ  ,"ȣ̰ ص̸ Ű  ȣ, ̱","̱ ȣ̰ ص̸ Ű Դϴ.  ħ, ȣ̰   ذ  , ̱   Ưϰ  ɷ ϰ ־. ̱ ؿ ٴ, ϴ 췯   ȣϸ, 鿡 ο Ϸ簡 ۵ȴٴ   ݴϴ.
     Ȳݺ , Ǫ ٲ, ġ ص Ƹٿ ǥϴ ؿ.  װ ظ Ű ڿ ִ̾  ϰ,  ħ ׿ Բϴ   մϴ.
 , ȣ̰ ū ǳ  , ̱ ¾  ȣϱ    ٴٸ ϰ .   п ش ٽ ,  ̱񿡰 ϸ װ Ų ص̸    Ǿϴ.  ̱ 鿡 ٴٿ ص̰ ִ  ǹ̸ ؼ ϰ ־.",
ֽ,̼ұ,,  ̾߱⸦ ǰ ־. Բ  ￩ ƿ,"޺ Ʒ  ÷, Ȳ,  "," ܴ  ڷ,  ̼ҷ  ݱ,  ⸦  ",󱼹    #BDA579: Ȳ ," پ  Ű, õ 縦 ̼ҷ ǰ  ","õ,  Ŷ  ȣ, ̼ұ","õ ִ Ŷ   Դϴ. Ŷε  , ׸ õ  ̾߱⸦ ǰ ֽϴ.   ȭӰ  ִ   Ű Ư , ̼ұ ̾ϴ.
̼ұ Ŷ    ̾߱⸦ Ű ¾ Դϴ. ״ Ŷ ε   Ƹٿ ̼Ҹ ϸ, װ͵ ѼϷ  ° οԽϴ. ̼ұ д 󱼹    µ,  п Ŷε   ȭο   ֽϴ. а     Ŷ   ֺ ȣմϴ.
 , 븪 б  ׸   ѼϷ Ÿϴ. ̼ұ и   ¼ϴ. ״ ƽϴ. Ŷ  õ  Ѿ  !    մ !  ħ   ׸  ư,   ٽ ȭ ̼Ҹ ãҽϴ.
̼ұ ݵ     ӻԴϴ. ̰ Ŷ ȥ  .    ȭ ߸  .   п   õ  ǰ ϸ ó  ֽϴ.",
õ,,,ĢĢ! غ! ~ õ ~!,",   Ž, ڵ, ", Ȱϸ 峭ٷ åӰ ,ð Ȯϴ ոð,õ   깰    ,"깰  Ǿ  ٶ  , ",", õ  5   ϳ ߾. ڵ, , ȣ  깰 ĳ,   ̿   Ǿ . ׷ õ ö濡  ʴ Ư 簡 ־. ٷ  ӵ ̸  ٴϴ , 񿴾!
   Ǿ ϴ ð   Ÿ  ϵ Ծ. ׸ ׻ ð   ִ ոð踦  ٳϴ.  , 忡 Ŀٶ  ٱϸ      ,  ĢĢ! غ! ~ õ ~! ϰ ƾ. ׷   ǰ,  Ȯ ð   ־.
ݵ õ ó ĢĢ! غ! ~! ϴ  Ҹ 鸰ٸ, װ ٷ  ! ",
ȵ,ȸ,,"ٶ,  ! Ż ۵ȴ!","Ż , ȵ , ȵ","ϰ 峭ٷ,    ",Ӹ  ȸŻ,Ż  ǵ   ϰ ٶ  ,"ȸ  Ű , ȸ","ȵ ȸ Ż     ⸷  źο  ϴ.    ٷ ȸ  Ȱ ! ȸ Ż ʹ ϴ 񿹿. ٶ ϰ Ұų ڱ  , ȸ Ϳ   ߸ ٶ ,  о ϴ  ݴϴ.  ׷ ȸ 縦 ˰ õ Ż ⿡   ! ⻵.  ȸ 峭Ⱑ Ƽ     ¦ ǳ   ڸ   峭 ġ⵵ ؿ. ׷  ȸ ũ   ڷ  մϴ. ׷  ׷ ȸ Ϳ 峭 Ѵϴ.",
̽,,,", ̰, Ϻ!","½̴ ,  Ҹ,   ϰ  ","ְ پ, ο ̵   . 迡  ","ġ,   , öó  ",κ  ǰ ȣϴ ,"   , "," ̴  ¥  ߾.  ε Ű  ¦̴  ,   ڶߴϴ.  ð 帣     ߾.  ̴ ¦̴   ¦̴ ǰ  ÷ ߴϴ. ׸  ȭ ߽ɿ Ư ,  ־.
 Ϲó ¦̴ ԰, ° 踦   ִ ָ  񿹿. 迡      ο   ǰ   ,  忡     ϴ. 峭 踦 ġų, ο ̵ 鿡 ӻ迩 ־.
 ,  忡 ڱ  谡 ߴ  .        . ˰ , Ŵ      ӿ  ظ ϰ ־ ſ.   ۵    Ŷ .
 ٷ  ޷ ڽ  ġ ֵθ  ¼.    ӿ ϳ ,    ο ȭġ  Ƴ¾.
    ٽ 踦   ־, ̴   ǰ   ־ϴ. ݵ    ʰ ư ,    ̸ ƴٴϸ   ֱ ̶󳪿?",
ֽ,,,  Ŀܴ," å, ڿ ӿ  ,    ","Ӱ ϸ,    ϳ β  Ž. й   پ"," Ȱ,  å",鿡   ο ,"Ҽ ο , ","  Ҽ Ӱ  ,   ־.  ҿ 鿡   巯 ʾ,  ã  å  а ׵ ̾߱⸦   ߴϴ.
   ;  鿡  η.  ӿ ""  ʹ""   ǰ ־.  ,   ڽŸ  ãƿԾ. ״ ""   Ǯ ְ  ̴!"" .   ڸ  å   ʰ, 迡 ߿   Ʋ .
׳ ,   񿡰 ޼ ãư. "" ڸ   ƴϾ. ڿ Լ ,      ִܴ.""  ó ,   ܵ ٽ  Ҿ.
    ҹ  ٶ, ׸    ˷־.  ڿ     Ǹ  Ǿ,  ٸ  ڽ  ϴ.
 ķε  ڽ 巯 ʰ Ҽ    ־. ׷ ִ  ,     ݱ ̾ ִϴ.",
õ,۱,," 谡 θ,  ᱹ  ȴ!","õΡ, ","ſ ϰ, ̸  ",  ,"  鿡  ִ,  ָ  ","翡 ָ   θ , ۱"," ,  õ   Ѱ ۱   ־ϴ. ۱   ô ϴ ,     ˿    ó ŽŰ ɷ  ־.   ġ   Ȳݺ ַ ٲ,  ִ  ݸ ŵ  ٽ  ϰ  ϰ ä־ϴ. ׷ ۱   Դ  ڽ ָ  ʾҽϴ.
 ,     Ȳ  ̾߱⸦  ãƿԽϴ.     ʹٸ ָ ݸ ޶ û, ۱   ܹ վ ȣ ߽ϴ. ȭ    鼭 鿡 ۱  ָ   ڰ ߽ϴ.  ۱  ׸ , ηϱĿ   ߽ϴ.   ָ  ʹٰ? ׷,   ! ۱  ֵθ  ڶ󳪴, İ  ְ  Ǿ ׵ ƽϴ. ׵      ä ָ ̽ϴ. ׸   ׵  ϰ ߽ϴ.
 ̸  η  뼭 ߰, ۱ ο      ư Բ   ָ ǳָ ϴ.    ,   ǳοϴ.       , ̴ ó õ   ̾ Ǿϴ.   ݵ ۱ õ  翡   鿡 Ȳݺ  Ѵٰ ϴ.",
ֽ,,, ִ  ź~!,"ְ, "," õϰ, 峭ٷ⿴  ϰ åӰ ְ Ѵ.", ,ڽ ݼϸ  ȭϷ    ," ȭϰ   ̷ , ","  ֿ  峭ٷ ,     ġ 峭 ϴ. ų ,     ,  ׵ ϸ  װ,   ѼյǾϴ. ᱹ  ׸ ϰ Ǿ,   ڽ ߸ ݰ ˴ϴ. 
״  ɷ    ϰ,  ư 鿡 ϰ  ֱ մϴ.    , ΰ ׵ 󸶳 ̼ϰ ൿߴ ݱ  ڰ ̾ϴ.   ׿  ̻ 峭 ĥ   , ϰ  踦 ȸ  ִ ȸ ־ϴ. ,   ν  ̻  峭 ݺ ʰ,  鿡   ٰ   Ǿϴ. ο   ٽ  Ÿ ״   鿡 ָ,  Ǽ ϰ  踦 ȸϷ մϴ.      ׸ ޾Ƶ̱ ߰,  峭 ƴ, ԰    踦 ã ˴ϴ.  ̾߱ 峭 ƴ  ϴ  ߿伺  ֽϴ.",
,ɱ,,"ٶó Ӱ, ó ϰ"," ,  ÿ ٶ, ɿ, ൹ѿ, ","ǷӰ 밨ϸ, 峭 ġ   ",#4682B4: ٶ Ű  ä,  Բ  ġ 縦    ٶ ȣ ,"縦 Ű ٶ ȣ, ɱ","   賭    ִ  ̾.  ,   ܰ 縦 ܶ    縦 Ѱ ־.   ó  ڱ Ÿ  ѷվ.   ѱ η ġ ,  ĸ     ġ .
׶ Ǫ  ɱ   Ÿ. ״    ٺ Ŀٶ Ҹ ƾ.
⼭   ̴ 鿡  ڴ!
ɱ  ִ Ǫ ä  ֵθ, ÿϰ  ٶ Ͼ   Ұ Ѿ.  ž ,    ų  ־.
ɱ ο ٰ 縦      Ѵٳ. ϴ   ĥ  .  ߾.  ɱ񿡰  ϸ     ־, ɱ   ʿ  .   ͸ε Ͽ. ߾.
׳ , 縦   ɱ  ƴٴ ̾߱⸦    ߴϴ. ݵ  ٶ Ҿ ,  ٶ ɱ ä   ƴұ ϴ  ӿ   ̾ ־",
,,,    ʴ?,"Ｚ ħ,  , Ӵ絿  Ž, ȫ",ȣ  й    ,"ڷ  (ȿ  ,  Ǫ , Ͽ ݺ )",Ｚ ħ 꿡   ϴ ο ,"Ｚ   ſ ϴ , ","  ,  е̶ Ҹ  Ȱ Ʒ ο    ־ϴ.  Ｚ ȿ, , Ͽ Կ    Ư 񿴽ϴ. ȿ ԿԴ   ȭӰ ƿ츣 ȭ ,  ԿԴ   Ǯ ġ , Ͽ ԿԴ ̾߱⸦    ϴ  ϴ.
 , Ȱ Ʒ  ã  й  ϸ ⵵ ø ־ϴ. ̸   µ ħ ø 鿡 ٰϴ. ""    ʴ?"" ϸ  鿡  ⸦ ߽ϴ.    п  ٽ й   , ᱹ ϴ ٸ ̷ Ǿϴ.  ,  й    ÷ ŵ쳵,     ޴  ҽϴ.
   ã ̵鿡    ٽ Ҿ־ְ ֽϴ.  غ ģ л̳ ߿  յ  ֺ  ѷٰ  ó   𸨴ϴ.   ׵鿡  ⸦ ϸ, ٽñ  Ͽ ϴ ٸ ̷  ֵ ϴ.",
Ǽ,,, ӿ  ̾߱⸦ Ǯ!," , ݼ, , پ ÿ丮","ϰ ο,   Žϴ  ",   ,Ǽ   ȣϸ    Ű ,"   Ű , ","     Ű Ư Դϴ.    ź      , ̸   ȣϴ   մϴ.  ħ    ϸ, Ǹ  ڵκ  ѳ . 
 ,  ڹ     ߻߽ϴ.  ڽ  踦 ̿   ãƳ,    صϿ ħ   ãƿԽϴ.
̷   Ư ɷ   ̾߱⸦ Ǯ Դϴ. ״     ̾߱⸦  鿡 ָ,   ϴ. ̸   ġ ð  ϵ  ô ư      ְ ˴ϴ.
 ܼ ȣڰ ƴ, ſ 縦 մ ٸ  ϸ    ġ ϰ ̷  ư  ֵ ̲  Դϴ.",
û۱,,, ÿϰ! ܿ￣  ٶ Ҿٰ~!,"ûۻ, ֿջ  Ž, ûۻ  ̽Ŭ̹ ȸ ","ϰ źο ,     ϴ ",Ǫ  ,"û 񿡼  ÿ ٶ, ܿ￣  ϴ źο ","  ٶ , ","   ʴ û    ź    ־.  ϰ źο 񿹿.   ͺ    öɾ ٶ Ÿ ƴٴϴ  ߾. ׸ ó  ճ   ҵҵ  ɷ ־ϴ.      ¦̴  ɱ 鼭  ȳر⵵ մϴ. ׸   ϰ ƻ ûۻ ߾!   Ǫ       ÿ ٶ Ұ, 濡  Ǿϴ.  ڱ ÿ ٶ  ,     .
 ,  񿡼  ̽Ŭ̹ ȸ     Ҿ.     ¦  ܴϰ ָ   ߴϴ.  ڷ ų ȸ  ,   ⿡ ڵ ϸ  ٶ  ߴϴ.   ¦   鼭 !",
籺,õ,,"ϴÿ  ,    ִܴ",", ,  ,  ϴ, 籺 ڿ", ְ ϴ Ͽ õü    γ پ. ϴ ⸦ ϰ  ڿ ȣϴ ϵ .,"   ,  ݵ",  ͵  ϴ õ ," ϴð  ϴ , õ"," 籺 ϴ     ߾. ̰ ؿ ޻Ӹ ƴ϶ ϴ   鵵 ϰ . ׷ ϴ ٶ󺸴  ϴ , õ ̰ ڸ  Ǿ.
õ  ̸ Ͽ ⿡ ö   ٶ󺸾Ұ,  Ǹ ϴúȣ ¦̴  ϸ ູ ð ¾.  , ڸ ãƺ ϴ ϴ ϷϷ縦 .   , õ ڽ   ߰ϰ Ǿ. ϴ ƴ϶   ¦̴     ̾.
 ٰ  װ û ڿ ӿ ڶ ݵ̵̾. ̸ ε巴  ݵ̵  õ ޾Ҿ.  ϴ  ٶ󺸾,  ̷ Ƹ   ֱ!  õ ϴø ƴ϶  ڿ  ܾ Ѵٴ  ˰ Ǿ.
׳ ķ õ ϴ Ӹ ƴ϶  , ׸    ߾. ݵ̰   ֵ    ڿ ٰ,  ϴ 鼭    ʵ Ծ. ׷ õ ϴð  մ   ŵ쳵ϴ.

",
,Ա,,    ˰ !,"̽ ,  ٴ, ٴٶ",ٴٸ ϰ ο ,"Ŀٶ   

", ٴٿ Ե ȣϴ ,"  ȣ, Ա",",  ٴ尡   Ը  , Ա񡯰  ־. Ա Ǫ ٴٸ    ־,  Ŀٶ     ٳ. ״ Ե ٴӿ ǰϰ ڶ󵵷   ڽ ӹ ߾.
  ,   ΰ ʹ  Ը ư Ⱦ. Ա ٴ ģ   . ״      Ҹ ¾. ⱳ   Ȱ Ը  ٴٸ ȣϴ  ġ  .
Ա ٴٶ Ÿ  , ε鿡 ߾.
 ٴ Ģ Ű, ٴٵ    ž!
״  ǰ Դ  ʴ , ʹ  Դ ٽ ٴٷ   . ε ó  , Ա     . ظ Ե  ũ ǳϰ ڶ󳵰,   塯  .
Ա ٴٰ ϰ, Ե  ڶ   幵ϰ . ׸ ݵ  򰡿 ٴٸ Ű, Ե  ڶ ִ 캸 ִٰ ؿ.",
û,,,̳ ԰ !," ̳, ҽο ","ºο ϰ, ǥ  ʴ .    Ǹ ","̳ ϴ λ Ӹ, () ھ ","º , ⸦ Ҿִ ","û ҽο Ű , "," ,  û  ¥⿡ Ư   , '' Ȳó ưư  , ½̴  ڶ߾.  װ   ū  ٷ  ʴ . ״ ģ ̵鿡 ⸦ Ҿ־ ־, Ư û ҽο򿡼 ū  ߴϴ.
 ҵ     ٰ  Ҿ־. ""ġ !  !"" ϰ ӻ̸, ҵ ٽ   ο  ־.  Ǵٸ  ٷ û  װ  ϴ ,  ̳.  ̳       ھҾ.  ̳  ì ,   ҵ鿡  Կϴ.
 , ҽο ȸ â ,   Ұ  ҿ з  Ҿ. ߵ Ÿϸ ź . ׶  Ȳ  ̳ ãƳ¾. ״  Ϳ ӻ迴. "" ̳  ٽ Ͼ  ־!"" Ҵ  ̳   . ׷ Ե  ,  ٽ Ƴ! Ҵ  پö 븦 оٿ, ᱹ ¸ ŵξϴ. ߵ ȯȣ ,    ۽̸ Ҹ ȾҾ.
׳ ķ  ҽο ó ڶ ̳ ź   ̶ ҷ. ׸ 忡     , "" ٳణ  ƴұ?"" ϰ ӻ̰ ߴϴ.",
ɱ,ö,,ö 뷡 ڴ?,"ö , ߱ , 굿б","ȣ ,   پ", ߱,ö  ϴ 밡 ȣ ,"߱    Ű , ö","밡 ȣ , ö    ¾,  ɷ ö ٷ  ־. 밡 ̵ 踦  ġ ö ε帱 , ö ߱ ϸ  Ҹ 踦  ϰ, Ƹ ϴ.   ε ö  Ǹ     ־ϴ. ö   ö  Ű ȣ, 밡   ̾ϴ. 
  , 굿 б   ̻  ϴ. 밡    Ⱑ Ǿ     ̾ϴ. װ   ö(С) ϰ Ǿϴ. öʹ 밡   Ϸ ߽ϴ. öʹ  ö Ŵ 踷, ö ߱  ġ  , ħ ö ߱   ,           ö͸ ƽϴ.
 ,  굿 б ٶ    ߱ Ҹ 鸰ٰ ϴ.   Ҹ ö  Ű ϴ Ҹ ϰ ֽϴ.   ""ö ︮, 簡 ""  ó  ִϴ.",
ֱ,ر,,   ž!   ãҾ!!," ϴ , ۽ Ƽ, ","ε巴 ,   ٸ     ",޴ ,  ϸ ϴ  ,"  ϴ  , ر"," ִ   Ƹ   ˷ ־.  ϴ     췯   ߴ 밡 ȴϴ. Ư ۽ ָ ǥϴ ҷ, õ买  Ƽ  ϴð 췯 źο ǳ ھƳϴ. ̰   ϸ ̾߱⸦   , ݵ  ϴ  ̴ ҿ.
 ر ٷ  ۽  ־. ۵ϰ ϽϽ    ̸  ر ϴ  ڱ⸸   Ư ϴ. ر  Ƽ ̿ ִٰ,  Ǹ     ϴ ÷ٺ. ¦̴  ãƳ  ر  ū ſ̿.
 , ر   ο  ߰߾. ʹ Ƹٿ ""   ž!   ãҾ!!"" Ҹġ ⻵. ׷ ׸ ۽   ̵     Ͷ߷Ⱦ. ر Ȳ, ̵ Բ  ̾߱⸦  ݼ ģϴ.  ر ̵鿡Ե ϴ  ָ  ϴ  ְ ־.",
ĥ,,,"ʴ ¦, ʴ , ʴ ½!","ĥ ϰ  , 꼺 , , Ҷ",峭  ȣ  , 츮   ,ĥ ĥ ȭ Ű  ȣ ,"ĥ  ȭ Ű ȣ , ","ĥ ĥ Ʒ 峭  ȣ     ־ϴ. ״  ̸ ҷ߸ ĥ Ҳ   ִ Ư ɷ .       ڽ ̸  ʾҾ.
 , ۽    츮   ϴ.   Ҿ ־. ""̸ ҷ   Ҳ ٽ Ÿ ٵ!""    ԰ ũ ä  θ ʾҾ.
׷  峭 ġ Ҹ ƽϴ. ! ׷  ̸  ٰ! ʴ ¦, ʴ , ʴ ½!  ̸ ϳ θ   ӿ    Ƴ.    Ͷ߷Ȱ, ⸦  ڽ ̸ ũ ƾ. ׷  ĥ Ҳ   ȯϰ ϴ.
  Բ 꼺 ٽ   Ҳ  ϰ Ÿö,   . ݵ  ̸ θ 鿡 ¦̴ Ҳ  ָ ĥ Ű ִϴ.","ĥ ߽ , ĥ Ʒ  źο   ־ϴ.  ̸ , ĥ ϰ 츮 մ   ڽ ̸ Դٰ ϴ.    ѷ 鿡  λ縦 ǳް,  Ǹ ¥⿡   ߾    ־ϴ.
  , ۽    츮   ϴ. ̴   ĥ ȭ  ̶  ˰    Բ 꼺 ٽ ױ ߽ϴ.   ű 꼺  ܴ ״ ,    ʵ ĥ  ¥⿡ ߾ϴ.
꼺 ǰ Բ   , ĥ ٽ   ȭ ãҽϴ. ݵ   Ű ĥ 鿡 ȯ     ֽϴ."
õ,ü,,"Ȱ     , Ȯϰ !","Ȱ, ôȸ, õѿ, ⸧ ","Ȱ  ںν ϸ, Գ ģ ħ ش.",  Ȱ ȭ,õ Ȱ  ̾ ,"õ Ȱ ȭ Ű ü , ü","õ    ڶϴ Ȱ ̿.  ̰  Ȱ   Ư ɷ .  ߿ ü Ȱ   ־  پ ɷ ϴ.  , ü õ   Ȱ⸦  ;ϴ ̵ ߰߾.   Ȱ   ;,   ׻ Ǽ . ü ̵鿡 ٰ Ȱ   ϳ ֱ ߾. ""Ȱ ,   Ȯؾ ؿ. Ȱ   ٶ ,  ȭӰ ؾ ؿ."" ü ճ ٶ ,   ߽Ų , Ȯϰ ȭ   ־. ü ħ  ̵  Ȱ   Ǿ,  鵵 Ȱ⸦  õ Ȱ   .
ü п õ ݱ Ȱ  ,    ̰ Ȱ ,   Ȱ  ⸦ ĥ  ־. ü  õ ϴ  ٶó, Ȱ⸦ ϴ 鿡  ֽϴ.",
ȭ,±,,"ٰ  ,   !","û õ, , , õ Ÿ ܿ ǳ",ϰ ģ ,Ÿ 鿡  Ÿ,ܿ  ӿ     Ҿִ ,"鿡    ϴ , ±","± ȭ û꿡 ¾ , ڿ ȣ    ϴ Դϴ.   Ư ɷ Ѱܿ   ӿ   ϰ  Դϴ. ± ձ    ε巴  ± ٲ, ̴ ֺ   ݴϴ. 
ų ܿ , ± ȭ   ƴٴϸ 鿡   Ҿֽϴ. Ư õ Ÿ  ߿ ũ  Ǹ    ϴ , 湮    äִ Ư ӹ մϴ.     Ǿ,   ±   Ŀ. ±  ڸ  ູ    ±⸦  ˴ϴ. ״ ȥڸ ðٴ  ϸ   ϴ  ϴ , ȭ    ڸ ҽϴ.",
,,,"۾ , ̾߱   !","¦̴ ,   Ҹ, źο  ","źӰ ȣ ,  ̾߱⸦ ϴ ",¦̴ ( ۾ ǻ츮 ),   ̾߱⸦ ִ  ," ̾߱⸦ Ű , ",",    ٴ ̿ 񡯶   ־.  ¦̴    ,  Ű ȣڿ.  ӿ   ۾  ־µ,  ڵ ð 鼭   ־.
 , ȣ    ãƿ ߾.
̰ Ŷ   ڰ ִٰ ϴ,  ִ ?
  ӿ  ۾ ó  ʾ.  ο .
  ̾߱⸦ Ѿ !  ?
׶, ״   ۾    . ׷ ź  Ǿ鼭 ڵ ϰ ö!
!  ű!  źϸ ڵ ϳϳ о .
׳ ,   ã 鿡    ̾߱⸦ ִ  ϰ Ǿ.  ۾  , ״  Ÿ ¦̴ ձ ڵ ǻ.
׷ ݵ   ãư  ͸ ̸,  ̾߱⸦ ӻ̴ Ҹ    .",
︪,ʿͱ,,︪  ︪  ̾!,"ٶ 鸮 , ưư ʿ, ︪  ","Ĳϰ ϸ, ︪  ڿ ϴ ",  (ٶ  ִ ưư   ),︪ ʿ  ưưϰ ϴ  ,"︪ 밡  , ʿͱ",", ︪  ӿ ʿͱ񡯶   ־. ʿͱ ︪ ʿ  Ű ȣڷ,  ︪ ó ưưϰ Ӹ    ڶ ־.
ʿͱ ٶ   ִ ưư   Ư ɷ  ־.  ż ٴٶ   Ҵµ,  ʿ  ʿͱ 㸶  ãư  ưưϰ պ ־. п ︪  ٶ      ־ϴ.
׷  ,   ڰ ߾.
̷   ,      ٵ.
ʿͱ ¦ .
 ſ ︪ ٶ ̰ܳ  ٵ   ׷  ұ?
ʿͱ    ãư  ӻ迴.
︪  ︪ ٶ   ưư .
׳ , ǳ  ʿ   ʾҾ. ڴ  ޾.
 ̰ ̰  ʿϱ!
׷ ʿͱ ݵ ︪ ʿ  Ű鼭,    ︮  ְ ִϴ.
Ȥ ︪ ʿ ó   ߴ Ҹ ٸ, װ ٷ ʿͱ   ִٴ ȣ !",
ϵ,ݴ,,  ʴ ձ濡  δ.,"  Ŷ , , Ȳ ","ϰ ϸ,   ߰ ϴ ",볪  Ǹ(Ľ), ϸ źο   ϵ ǥ ,"Ŷ  о  ̲ , ݴ",", ϵ  ӿ ݴ źο   ־ϴ. ״ ٸ  ޸ Ȳݺ   ־µ,   ܼ   ƴ϶ ̷ ٺ   ־ϴ.  ݴ Ŷ  ߴ   ηϸ鼭 ߽ϴ.

 , Ź 翡 ̻  پϴ. ٴٿ  ƹ  Ÿ ""ϴð ٴٰ    ų ŷ  ã.""    Դϴ. ޿   ã     ݴ ã ϴ.

ݴ Ź ̾߱⸦    ߽ϴ.
""ϴð ٴٰ  ̶  볪   . װ   㿡  ź 볪 ã.""

    ŷ 볪 ڶ ־ϴ. ׷ ڱ ٶ ż Ҵ, Ǫ    ϴÿ Խϴ.   տ 볪  ߽ϴ.
"" 볪 Ǹ ٸ, ģ ĵ    ȥ  Դϴ.""

   볪 Ǹ ,  Ǹ Ľ̶ Ҹ Ŷ  ⸦  ߽ϴ.

 ģ ݴ  ϴ.   ݵ Ŷ  Ѻ Ȳݺ  ϴ 򰡿 ¦̰ ִٰ ϰ ֽϴ.",", ϵ  ݴ Ư   ־ϴ. ״ () ļ, ż  Ŷ   ڿϴ. ݴ Ȳݺ    ȭ   ־ϴ.  () 󿴰, ݴ  ٷ   ̾. п  踦   ־ϴ.  Ȳ   ݴ п ϵ,  Ŷ  ü Ȳ  ߽ϴ. 
ݴ ż ¾ , װ Ŷ ̲    ϰ, ׸  ձ   Բ ߽ϴ.  Ŷ յ  ڷμ Դϴ. , Ź ãƿ ƹ  ޿ Ÿٸ ̾߱⸦ . ̿ ݴ Բ () . 翡  ׵ ŷ 볪 ߽߰ϴ.  볪  ѷ  㿡 ϳ  ź  ϰ ־ϴ. ݴ  볪 Ľ     ̶   ϴ. ѷ  볪 Ǹ .  Ǹ '  ĵ  Ǹ'   Ҹ   Ű ź ɷ ־,  Ŷ ձ  ŵϸ   ڸ Ҵϴ. 
ݴ   ģ , ϵ   ư  ҽϴ. ״  ̻ Ŷ տ Ÿ ʾ,  Ȳݺ   ϵ ϴ Ű ִٰ ϴ. ݴ Ŷ  Ű ڷμ, ϵ 鿡 ó  ִϴ."
â,մٱ,,̰  Ǹ  հڴ°?,"ϱ, , Ʊ",ȥںٴ  Բϴ  , ," ,  ȭ ִ̾  "," , , â ϳ մ , մٱ",", â, , ش  ٸ  ̾.    ְ  ¾.   嵵   ߾. ̸   մٱ ""̷   ̾!  ̾ ٰ!"" ϰ ߾.
մٱ 꿡 η   ˹ٴ ưư ׹ . ""   ⸦   ־!""  꿡      ,   ä   Ҿ. ׷ ط    ο  . "" ż ⸦ ٷ   ְ!""    ״ Ա⿡  ư  ɽ߾. ׷ â 丮    ִ  ٲ  ϱ  . "" ξ ־!""
մٱ ̾ п  ε   ⸦   忡 Ȱ, â   ִ  丮 .  Ӱ   , Բ   Ǿ. ݵ â 򰡿 ""մٱ, ̾!"" ϰ ġ, մٱ Ÿ  ʿ   شٴ   ִϴ.",
ֽ,,, ӿ  Ҹ ִٰ  !  Ҹ  !,", ˼, ֺ","    ,  ҿ ̷ִ  ϴ ϰ  ", ,  ̿ ҿ Ǵ  ," ҿ  ޺ , "," ,   Ư   ־. ״  ʹ  , 񿴴ϴ.  ų ,      ູ .    ӿ   ҿ 񿡰Դ ¦̴ ó  ̾.

   ٶ ҿ ̷ִ   . ҿ ̷ ʾ ù   ˼  ö ޺   ´ϴ. ׷ ޺  ٽ ȯ ,   ȯϰ ߾.

 ,      ߰߾.   ҿ       ־.
  ٸ ó ȯ  ٶ.

    ӿ ְ,     ߾.  ִ  ٽ ȯ    ٳ.   Ư߾.   ٸ  ĥ  ڽ   ִ  Ǿϴ.

翡   ֳ ,     ٴϸ  ǰ ִٰ ؿ. Ȥ е  ŴҴٰ ¦̴  ¦  ٸ, װ и   ҿ 캸 ִ  .",
뿵,,, ~,"Ż, ܶ, ۰Ժ, ","  Ÿ ۶߸, ܿ ⸦ ϴ 峭ٷ.  Ȳ ߵ. ","   (,,,,)",  ٶó ۶߸ 뿵 ߴ ,"Ÿ   ٶ Ű , "," 뿵 Ƕ     ߴ ź ,   ־.     ۶߸  ̾. ų  Ǹ  Ƕ  ޺ Ʒ Ÿ   ߸   븦 غ߾.   ټ  ̾߱⸦   鿡 ư ſ ־ϴ.

  ,  ū  ãƿԾ.  Ÿ    ,    ⿡ ó. ׶    տ Ÿ ̷ ߾.  ־  Ϳ!    ų ״,   Ÿ  !

׳ ,  Ƕ    ̾   . ״   , ο ,     ټ  ̾߱⸦  뷡 ߾.      , , Բ ϴ.      ϴ ڱ ο,    ߾. ׳ ,     á.

 п ǳ ̾,      ϰ Ǿ.   ڷε ų ̸ Ƕ  Ÿ,   鿡 ſ ߴϴ.",
õ,,,"ϴ    ,   ָ ư ž!","õ,  , õ뱳, ȸ , ġӹ"," ⸦ ָ, ݷϴ  ",   ,װֻ ߽ õ ָ ޲ٴ ̵鿡  ϴ ,"ַ ư ϴ    , ","õ Ư   ־.  ̸ .  õ ¾ 񿴴ϴ. õ װֻ ߽,     ϴ ̿.    õ ϴ   ϵ 鼭 ڶ, ڿ ϴð ֿ   Ű. ״   ϴ , ϵ ַ     ñ. 
 ӿ 鿡 ϴ  , ư ַ ϴ  ϰ  ū ٶ ڶ󳵾.  ׷  ̷  ʿ   鿡  ɷ ϴ. ų õ  'õ'  翡  Ÿ   ߾. ̵   ù   ֵ, ׸ ׵ η  ū  ٰ   ֵ  ׻  翡 ⸦ ϵ ־ϴ.  ݵ õ  , ϴ ޲ٴ  鿡 ް  ϴ  ־.",
ؽ,߱,,"   Ű,  ̾߱⸦ ãƺ!","׸ũ, عڹ, ߹ȭ, 屺",ϰ ħϸ鼭 ο ,    ִ ,"   Žϰ, Ҿ   ǻ츮 ο ","߱  Ű,   ãƳ  , ߱","ؿ  ߱ źο   Ծ. ״ ο ¾ٰ     ǰ ¾ , ߱ 縦 Ű,   ãƳ 鿡 ˷ִ  ؿԴϴ.
߱ ܼ  ̾߱⸦ ϴ Ϳ ġ ʾҾ. ״    ߱  Žϰ ߱ϴ Ư ɷ ϰ ־.  ɷ п ߱ Ҿ   ٽ 巯, ߱ 縦    ϴ.
 ,    ߱ Ÿ.   ߱  ذ ־,     ִ  . ׷ , ߱  ó   źο  ߰߾.   ,    ִ   巯´ϴ.
߱    ̲, ׵ Բ    ְ ־.  ϳѾ  ø, Ҿ  ã .  , ߱  ٸ   ãƳ,  鿡 ߱  ȭ ǻ־ϴ. ߱ õ     ãƳ,   ̾ ־.",
о,ƶ,, Ŀ  ,о Ƹ   ѿ챹,"ϰ ο,  ȥ 縸  ",޺  ޾   ִ ,޺    ġϴ  ,"޺  ޾ ƶ ġ , ƶ"," , о翡 ̾߱ ⸦ ϴ   ־.         Ҿ  ־. ׷  㸶  ⸦  մ ⸦ ϴ   ߰ ,  ⸦ ϴ  ֱ⵵ ߾.  ,  濡  뷧Ҹ  Ǿ.   뷡 簡 ô    ƷԾ. ׷ α  ֹο   ȥ  'ƶ'̶  θ 뷡 .  ֹο ƶ  ̾߱⸦  ƾ. ƶ оλ , ޱ ڴ  ӿ Ѿٰ ϰ  ϰ .  ƶ ȥ Ǿ 뷡 θ о 鿡  ߴٰ ߾.   ̾߱⿡  긮 ƶ  ⸮ ڽ ̸ 'ƶ'  Ǿ. ƶ . ""ִ   ġ  , ȥ  ġ  ?"" ĥ , ƶ ƶ 뷧Ҹ ٽ    ƾ. ߰  ű ƶ ħ  α ƶ翡 ̸, ޺ Ʒ ƶ ܻ ߽ϴ. ƶ,  Ŀ  ڡ ε巴  ǳ ƶ, ƶ   ƶ   ġ ǽ ߾.  Ҹ 뷡 о     ó 縸, ƶ ȥ ο   ޾־ϴ.  ġ ƶ ƶ񿡰  ǥϸ ϴ÷ ư.  ķε ƶ  , ȥ 翬 ְ ġϴ  ϰ ־. ",
,,,ٴ  ̷ ,"  رݰ ,  ",밨ϰ ̸  ڿ Ƴ ,տ ϳ ġ .  Ȳ ġ,   ϱ ٴ ,"  Ű  , "," Ǫ ٴ ,  źο  ''  ־.  ģ ĵ ӿ 鸮 ʴ ܴ 踦  ɷ  . ״  ϱ ξ   ε Բϸ ٴ   ־.
,      ϴ ̾.   糪 ǳ Ҿ  ħϴ  Ҿ. ̸ Ÿ   ٴ    ź  ãƳ 踦  .      ǳ , ٴٸ  ̵  ־ϴ. ׻Ӹ ƴ϶  Ͼ   ̼ 屺  Լ ȣϴ  Ȱ ߾.
  帣鼭   縦 ؾ, װ    ο  踦  .  ҿ  ġ Ҹ  ⻵, δ ڽ   پ   ϱ⵵ ߾. ׷  ,   ǳ   ô 谡 迡   Ҿ. ״   ҷ ǳ  踦  ױ ε.
׳ ,  ٴٸ  ̵ ż ĵ ӿ 谡 ̻ϰ 鸮  "" ְ ֳ "" ϸ Ƚߴٰ մϴ.    ٴٸ ,  Һ ٶ󺸸 ̼  ־.",
,ϱ,,̰ մ ô õ!,"ȫ,  , , , μ ","ϰ ɱ۸  , ʹ ؼ  ѹ ","  ׾Ƹ  ٴ
(賻 μ , ȫ ,   ź ̽ )",    Ư깰 ͸  ,"   , ϱ",",  õ꿡 () 񡯶   ־. ״ "" ְ   縦 ؼ ڰ  !"" ̶ ߽ ǰ,   Ⱦƺ ߴ. Ϸ 賻 μ  ٰ ""̰ մԵ ô  ȸ !"" ̶ Ϳ ȱ ߴ.
׷ ù մ  ֹ   ҸӴ.  ø Ƿΰ  Ǯٿ! ҸӴϰ ,   ֽ û ǿ     о. , ... ׳    õ簡...  ٸ ,  鿩   ̰    ! ̶ Ȱ ־. ׶, ̵  ¦̸  ٶ󺸾Ҵ.    ϴٰ Ѽ  ,  Ծ  ž.  Ծ...! ϴ, ᱹ ° ߶ ְ Ҵ. ,  ⸦  ""̰ մ  !""  ΰ ȷ ߴ.   ΰ ""츮 翡  ǵ?""  ,  Ӿ ᱹ ""׷ ׳  ˾ !"" ϸ鼭  ٱϸ .
׷  ,  ...縦 Ϸ   Ź    ¥ ְ Ǿ. ׷     ̷ ߴ. ""  ƴ϶, ׳  ġ   Ƴ?""   ,  ƿ Ϳ   ,     Ư깰 ȯϴ ο  . ķ   ʹ ""  ʾƵ,       ִ  ""  ߰,   ݱ 꿡 ´ٰ Ѵ. ݵ  õ ȫ ó , Ȱ ӿ ̰ ׳ !   ʵ    ! ϴ  Ҹ 鸰ٴ ̾߱Ⱑ .",
Ƿɱ,,,ڰ  ž!,", Ƿ ġġ 佺Ƽ","ϰ 峭 ,    ", ,  ָ  ڰ Ǵ   ,"ڰ ǰ ; , ","Ƿɱ  ܹ ¾  ڰ ǰ ;. "", ڰ  ž!"" ܹ  ֹ , ڱ Ҿ ٶ ǳ!   Ҿ.   쿬 ӿ ¦̴  ߰߾. 񼮿 ̷  ־.    Ŀ  ִ.  ""Ȳ  ַ ߴ  ?"" ϸ  ߾.  ã  ä  ƿ, ӿ   ۱Ͱ ɵҾ.
ĥ , Ƿɿ ġġ 佺Ƽ Ⱦ!   ƴ  峭 ġ ϴٰ,   տ  þ  Ҿ. "" ׷ ֳ?"" ñ  ڽ    峭  鿡  ־. ׷ űϰԵ,    ⻵ϸ    . Ҹ  λ簡    .     ½ ޾Ҿ. ""!    Ŀ  ٷ ູ̱!""
׳ ,  ڰ Ǵ  ã ־ ʾҾ.  ܹ      ָ, 鿡 ູ ۶߸  Ǿ. Ƿɱ ,   ͸    ִ     !",
Ծȱ,Ʒñ,,ó   ڱ!,"ƶȫ, ","ϰ  , ڿ  ſ ", ,ƶȫð Բ    Ű  ,"700 ῡ   ȣ, Ʒñ"," , 泲 Ծ ̻ Ʒ Ƹٿ  ־. ̰ Ư , ƶȫ Ǿ źο ̾ϴ. ƶȫ  Ű  Ʒñ Բ ų   ǿ  鿡 ູ ־. Ʒñ     Ƹ Ǿ  񿴴ϴ.

  , ۽  Բ ȥ ãƿԾ.    ⿡ ó ƶȫð Ʒñ 鿡 ظ      700   ῡ  ߾.       ʱ   ֺ  ٸ ׵   ٷȴϴ.

ð 귯 20 ,      Ͼ. 700̳  ִ  ѿ ٽ ƶȫ Ǿ ſ!  ҽ   ,  ƶȫ  Ծ ãƿԾ. ׷ ƶȫ ,  ῡ  Ʒñ ϴ! Ʒñ  ῡ  ݰ Բ ٽ     ູ  ߾. ƶȫð Ʒñ  Ծ  Ư   ־ϴ.",
â籺,,,   ̾!,", , , ","峭 ġ° . ģϰ ȯ ϸ,  Ƴ   .","̳ 漮 (ʷ(#6BAE92),  (#B5A678))",˰ °踦 Ű   ʷϺ ,"°踦 Ű  ȣ, "," â ˿ ź    ־. ʷϺ      ״    ""ڿ, 뷡! , !"" ϸ  .  ٶ    ,    ƴ.

׷  , Ⱑ ϳ    Ź.      ãư.  峭  Ҹ ߴ.
"" ̷   ?   ϸ ȸ !""

״  ϰ,    ûߴ.   ʾ  , ⵵ ƿԴ.   ۺ  ƴ.
""!  ٽ Ƴ?  Ժη   !""

׳ ,   ڿ Ƴ ߰,   Ű 峭  ֹ ܿ ߴ."," â ˿ н  Դ. ȭο ˿  Ⱑ   ϳ   ̴.  ̻ϰ ھŰ,   Ź鼭    ۽ο. ""̰ 츮 ذ  .  ãư!""       ̲.

ʷϺ    ձ۵ձ    Ű ڿ ȭϴ 񿴴.     ߴ. "" ΰ  Ű ٶ Ⱑ ܴ.   ,  ´ٸ ٽ  ȸ   ž.""

      ⸦ ġ,  ϱ ߴ.   ,   ٽ Ƶ.   񿡰  ϸ ڿ  ڴٰ ߴ.  â   Բ ȭο °  ŵ쳵."
,,," ڱ 󰡸,   ̾߱Ⱑ ðž","ڹ, , 쵿, Ϲ","ȣ  Ȱ ,  縦 ϴ ",ô뿡   ϴ ˸ , ϰ ڱ о 鿡 ˸ ,"ڱ   ð  Ư , ","      ־. ״ Ư   ־µ, ٷ  ڱ ٴϴ ൿ̾.    ߾.  ״ ڱ     о ɷ ־.  ڱ  ,    ô  ư   ô븦   ־.
 ؾȰ ִ  ڱ       о . ׷  , ؾȰ ϴ  񿡰  û߾. "", ⸦ ã        ֵ   ?""    .   Բ ڱ  ִ   ϳ  ߾. ڱ   巯  ճ ڱ  縸.  ,  ô밡   װ ɾ  տ ϰ Ÿ. ""!  ڱ    ̾!""  ⻵ϸ ƾ.  űϰ  ڱ ٶ󺸸, ""  ⼭ ұ!"" ϰ ź߾. ̷   Բ Ͽ,  ڱ ϰ,  ӿ   ̾߱⸦    ְ Ǿϴ.",
ر,ϱ,,߰ 뷡ϸ    ٰ!,"ϸ , ش뱳 ߰, ݻ , ġӹ, ", ︮  ϴ Ȱ ,  ǻ ġ Ӹ,ϸ Ǳ   ڰ   ,"Ϲȭ   ߰ ϴ , ϱ"," ϸ Ư   ־.  ̸ ϱ. ϱ 1960 Ϸ İߵ ο ȣ    ط ƿ, ׵ Բ  귯  񿴾. Ͽ ƿ ״  ȭ 뿡   ־,  鿡  ȭ  .
ϱ  ū Ư¡ ǰ  ϴ  ̿. ״  μ  ߰, ׻  Ҹ    . Ư  Ǳ , ¡, ڵ  ϴ  .     ⸦ ־,  Ҹ     鵵 Բ  ߰ ߾. ϱ  ġ ٶó ε巴 밨 ġ ̾.       ϰ, ڿ 븦 ȭϴ    ߾.
׷ ϱ  ߿ 縶  鿡  ߾. ϸ  ش뱳 ȭ翡 ״ Ǳ⸦ ϰ,  ߸,  ⸦  ̰ Ȱ ϴ. Ư, ״  Բ  ߰ 뷡ϴ   ū ູ . ϱ ܼ  ϴ  ̻,   밨  ϰ  翴ϴ.
ݵ ϸ   𼱰 ų ϰ ߴ ϱ  𸨴ϴ.",
ϵ,,,  ƾ  !,"ϵ ߻,  Ѱ, , ȭ, ְ,  ","ϰ ϸ, 鿡   ϴ  .   ϰ ٷų Ǹ   Ϳ ܼҸ ϱ⵵ .","   ,   Ӹ",ϵ  ȣϸ      ִ  ,"  鿡  ϴ , ","ϵ  ,   ´  񡯶   ־.     ǰϰ ڶ󵵷  翴. ״ Ŷ  ô Ű  ù  ѺҰ, ϵ   ˷  ⻵߾.
, ϵ  ø õ    ִٴ  ־. ̸    Ž彺    Ϸ . ״  ε鿡    ߰,    Ϸ ߴϴ.  ̸  ΰ   . ״  Ȱ ҷ  հ,   ڵ  ҵ . ᱹ Ž彺  ̿  ư, ϵ  ٽ  ãҾ.
   ȭ͸    ã   鿡 ߴϴ.         ź  ߴٰ . ݵ ϵ       ٸ, װ     ٿ  Ҿְ ֱ ̶ մϴ.",
û,ձ,, ǰؾ  ǰ!,"û ѹ,  , ","ϰ γ ,  ̵   Ѵ.  ʸ Ժη ĳų ڿ Ѽϴ 鿡 ."," ָӴ, ѹ ⳶",꿡  ʸ ٸ ڵ ġϴ ," ʸ Ű ġ , ձ"," ڶ  ¥, ܼӻ   ó ձ񡯶   ־. ձ Ư ɷ  , ձ   ġ  . ״       ʸ  鿡  ־ϴ.
 û پ 簡 ڶ  , ʸ Ժη ĳ       . ձ ̸ Ÿ ,  ⸦  źο  .  ֺ û ʵ е ְ ڶ󳵾. ʵ ѷ п   پ ȿ  ־.      ǰ ãҰ,   ̵鵵  ϴ.   ġ  ã  ,    ʿ  װ ߰  ־.
ð 귯  ձ 縦 ؾ,  û ڶ ʿ    ִٰ . ׸  Ǹ ܼӻ  ó     ձ   ʸ Ű ֱ ̶ .",
Ծ籺,󸲱,,"    ,  Ӹ  ־!","󸲰, , ",    𸣰 ̰ . ߿  ϴٰ ڱ   ״ 򰥷 ,ġ Ҿ  Ӹ Ȱ ٴ,"  ڷ  ׸, 縦 մ ","󸲰  , 󸲱","  ,  ġ Ծ翡  ϸ  񿡰 Ư  ð.    Ű   ִܴ.   ·ο,   ٽ  Ҿ־ ϳ.  󸲱   Ű   Ҿ.   帣   ܼ θ  Ǿ, ׷ ׵    Ҿ.
 ,   ڰ   ϴ ̻  ߰߾. ġ   򰡿 ִ.  Ҿ ۾   ־ ã  ִ. ״ 󸲰 ãƴٳ  ã ܼ  ʾҾ. ׷ ,    ۾   ߰߾.  ƹ ص   . ׶ 𼱰  Ҹ Ծ. ۾  θ   . ¦  ڰ ƺ, ϽϽ а      ־.  󸲱. ׸  ġ  ã  ̰. 󸲱   ø ӻ迴. ׷  ,  տ  Ծ  .  ŴҴ ġ, ׸      . ڰ   ,   Ƿ ƿԾ.
   ǹ̸ ؾ ؿ. 󸲱 ߾. ׳ , ڴ   Ծ ̾߱⸦ ϸ  Ű  Ǿ.     ڴ λ ̿   ٽ ãư  Ҵٰ մϴ.  󸲰  ̿     ٸ, װ Ƹ 󸲱    ִٴ ȣ .",
â,ƽŸ,,¦¦!   ?,"ǻ, ƽŸȭ, ",ȣ ռ 峭ٷ̸鼭   ,  ű,â ǻ ٶ ¾  ϴ ,"â    , ǻ   , ƽŸ","â ǻ ٶ  ԰ ڶ , ƽŸ  ־. ״ ϴ  Ծ ӱ   ¾.   ǵ  Ǵ  ־. װ ٷ ǻ &    ִ  ū ̾. ų ,   ȭ ϰ    ҿ . ׷     ̾. ""     !"" ΰ ׷ , ƽŸ   ñ. ""ҿ  󸶳 ?"" ᱹ ״     ܲ  Ⱦ. , ϴ  â  ҿ ۽ο. ""?  ʹ  ηȾ"" ƽŸ ȸ, ̹   ӿ  Ⱦ. ״ ǻ  ö  ִ   ¸ Ҿ.   , ħ     վ¾. ׷ ϴ ٽ  ¦̴  ǻƳ.   ⻵ϸ  , â ϴ   Ƹ .
 ķ ƽŸ  ̻    ʾҾ. ,   Ǿ ϴ ߾.  ǻ ٶ󺸸,     ϴ ÷ٺ ¦̰ ־. ""ƽŸ 츮   Ǿ.""   ׷ ̾߱ϸ â ϴ  ٶ󺸾Ҵϴ.",
,,,̰ !  ߺ ξ ū  ڱ̾!," ڱ ϱ, ȭ ,   ڸ ã",峭ٷ  õ ̶   ,  ,   ڱ  ź Ű  ȣ ,"  ִ  ȣ , "," ,     ٳ ̾.  ڱ  ϴ÷ ˺ Ѿƴٳ, ׶ Ҹ    .   ó Ű  , ٷ !

 ʷϺ     ̸  ź , 㸶    ڱ Ѵ. ׸ ̵鿡 峭 Ѵ.
"" ڱ? ۽,     ģ̶ پ  Ŷϱ!""

 ̴  Ҹ   ִ. ¦̴ ޺ Ʒ ̸ ¦ ,  Ҹ  ȭϸ پٴϴ  ó .

 , ̵ 񿡰 .
""  ̷ ū ڱ ?""
  ߴ.
"" ˺ ٴϸ  ŵ! ׷ ڱ ̷ Ŀ. ݵ ϴÿ   ,  ߴ ڸ  ž!""

׳ ,     ڱ    ̾߱⸦ ø ̼Ҹ .",
󳲵,³,,³? ¥ ³?," 곪, ġӹ, , ",ȣ  ϸ Ȯϴ  ,ϴϴ õ (#FFD700),Ȯ ϸ 泲 Ȱ Ҿִ  .,"泲  ٶ ϴ Ȯ , ³","󳲵 ʸ ǰ Ǫ ٴٸ ǰ  ϰ Ҹ  ʾҽϴ.  , ̵ ٶῡ Ƿ ͼ  Ҹ ϴ. ""³? ¥ ³?"" ġ Ҹ  , ̵ Ҹ  ã ϴ.    Ʒ,  ԰   ϽϽ   ־ϴ. ״ ٷ 󳲵 , ³񿴽ϴ.

³ Ȯ ϴ ,  ̾߱⸦ ų    ""³?""  ȣ   ¦ϴ. ״ 泲 Ư  ٶ ҷ Ư ä  ־ϴ.  ,  1⿡    ū ġ غǰ ־ϴ.  ۽ ǳ ġ غ  ǰ . Ȳ    ³ ϴ. ״ ä ֵѷ  ٶ Ű, 鿡   ߽ϴ. ³  ġ  Ȱ,  ٽ    áϴ.  ķε ³    ƴٴϸ 鿡 Ȱ Ҿִ ģ Ǿϴ.",
"
Ưġ",Ѷ,,"ٶ Ҹ,   ʰ ؾ!","  , , , 縮屹","ڻϸ, ڿ ȭ ̷ åӰ  ",Ӹ  ٴϴ ְ, ŵ  ̾޾ ֵ ٶ ǳ ٽ ,"ָ Ű ٶ ȣ, Ѷ"," ֵ  ŵ  ־, ׵ ٴٿ ϴ,  ٶ   ִ ź ɷ ϴ.  ð 鼭 ׵   ,   ɷ ̾ 簡 ٷ Ѷ񿴽ϴ. Ѷ ֵ ȣ, Ӹ  ׻   ٳϴ.   ŵ  Ҿ־ִ Ư ̾.
ֵ  ٶ   ǳ ߽ϴ.  ǳ ٰ   Ѷ񿡰  û߽ϴ. ""Ѷ, ǳ ּ!"" ƽϴ. ׷ Ѷ  տ  ٶ ϸ ǳ θ ٲٰų ⸦ ϰ ϴ. װ Ÿ   ȵ Ѽ .
 Ѷ  ɷ  ʾҽϴ.  ŵ   ̾  ״, ڿ  ߸ ʱ  δ ǳ   α⵵ ߽ϴ.  ɷ ̾, ׻ ڿ ȭ ̷ .
  Ѷ Ÿ  ȭ ãҰ, װ     Ⱑ ҽϴ. Ѷ  ڿ Ű,  ڿ Բ ư   ־ϴ. ׸ ״   ӿ   ҽϴ.",
õ,߱,,~  ־ ž!,"߰ , Ҿ簭, ̼, õϹũ"," 峭 ,  ϴ ̽İ ",߰ ְ,Ҿ簭   ߰  ְ  峭ٷ ,"õ ߰  丮, ߱","߱ õ Ҿ簭 ¾ Ϳ 񿹿.  ٽ ɷ ־, Ҿ簭    帣 .  ߱񿡰Դ  ٸ Ư ְ ־. ٷ ߰ 󿡼  ְ    θ ſ!
߱ ų  ߰񡤸  Ǹ   ƴٴϸ   ߰ ¦  ؿ. ~    ε巴 ־ڱ! ϰ . ׳ ߰     ؿ. ̰ 󿡼  ִ ߰! ߱ Ҿ簭  Ÿ    ִ     ູؿ.     ߰  Ѵٰ մϴ. õ ߰  ִ   ߱ ̶ϴ!",
ֽ,,, ǰؾ  ưư,"ġǻ ǳ ,  ڿ˽, ġǻ ",ǰ ߽ϰ ڿ ϴ ȭ .  ̴  ϸ ٸ  ؼ . 鿡 ġ Ȱ ϴ  ,  ޸     ̷   ø Ƿΰ  Ǯ  ھƳٰ .,ǰ  θ ۶߸ Ȱ ġ ,"ģ ̵鿡 Ȱ ϴ ǰ , ","ġǻ  ӿ '' Ư   ֽϴ.  ձ۰ ǫ   ǳ ,  ԰   ϰ ֽϴ.  ǰ ȸ   ־   , ģ ̵鿡 Ȱ ִ ɷ  ִϴ.
 , ִ      ִ ̾ϴ. ׷  λ  Ұ, ġǻ  ̵ ȸ    Ͱ ܳ. ġǻ     ٶ Ҿų, ڱ Ƿΰ   ? ٷ ׶   ¦   .
,   پ Ư깰  ҵ մϴ. ڿ , ġǻ  ְ ڶ󵵷 ,  ĵ   ǰ   θٰ ؿ. Ư  ϴ   ڷ  ε巯 !     ڴ  ٷ  ູ ̶׿.
ų  ̳ īϹ߿   ֵ˴ϴ.  ߴ  ġ ʵ,   Ȱ   Ҿ־ شٰ ؿ. ׷    ų,      ִ Ŷϴ.
õ  ġǻ     ǰ ְ ֽϴ. ֿ Ŵٸ,  пԵ  Ȱ   ſ!",
,ܿ,,Ÿ  ƾ  ´!,"ܿ ǳ̿ ׳׶ٱ,  ޸,  ʴκο ڼ","  빮ȭ ϴ  . ܿ  ų  Բ , 鿡  ϵ ִ "," ä   ä    ÿ ٶ Ұ,   Ƴٰ .",ä ֵθ ȭ ູ ҷ   ,"ǥ, ܿ ΰ, ܿ"," ٴٴ       Դϴ. װ ĵ  Ӱ, ϴ   Ǫϴ.  ,    ܿ ϴ ū  غǰ ־ϴ. ׳ Ư   ΰ    ٴٿ ϴ, ׸ ǳο ڿ ⸮  .
  ΰ ٷ ܿ񿴽ϴ. ܿ  ٴٿ ٶ ϴ ,   ĵó ε巴 Ǫ   ־ϴ.    ٴ ĵó 帣 ̾,  ٶ Ÿ  ư  ־. տ   ܿ ä  ־ϴ.  ä ܿ  ٴٿ ϴ ȭϰ,  ǳ ູ ִ  ϴ.
ܿ ׳ ä    ܿ  ־. ""ܿ! ܿ ¾ ٴٿ ϴÿ   ְ ;!""    ٰ ߽ϴ.
ܿ ̼Ҹ  տ  ä ֵθ, ġ   ٴó Ǫ ÿ ٶ ҾԽϴ.  ٶ  ڶ, 뿡 , ֹ ٴٸ   սϴ.  ٶ Ƿ   ܼ Ⱑ ƴϾϴ.  鿡 ȭ ູ Ƿ ־ϴ.
ص ٴٿ ϴ Ƹ⸦,     ູϱ. ܿ Ҹ  ⵵ϸ ٶ Ҿ־ϴ.
ܿ ٴٿ ϴ 췯 װ,  Ű μ,   ູ  Ѱ ٶ Ÿ ϴ÷ ưϴ.  ٶ  ؾȼ ٴٸ Ѱ, ٽ 鿡 ƿ ׵    ȭ  Ҿ־ϴ.",
ؽ,д,,ذ ʰ ٰ?    䳪?,"ص, ȣ , ߾غ","¦ ǹ,    ", ȶ(ظ     ),Ӹ  Ҳ ٴ  ,"߾ д ⿡ ħ ҷ , д"," ,  ߾ д д   ־ϴ. ״ ¾ κ ο ¾ ҷ Ҿ þ Ű  þҾ.  , Ӹ  Ҿ  ٴ , ذ   ֵ .  д  ܷο. ٸ     ִµ, ڽ д ⿡ ɾ Ҿ Ѿ ϱ. ""  ⼭ ¦  ϰ ־ ?"" ״  Ҿ   ϴ. ׸ ħ "" Ϸ  ǰ?"" д Ӹ  Ҿ Ƚϴ.
 , ¾   ӵǾ! ε  Ұ,  η ۽οϴ. ¾  д񿡰 ߾. ""ʴ ܼ Һ Ű  ƴϴ. ʴ ο ¾ ҷ .  Ҿ , ħ  ʴ´!""
д ڽ Ǽ ݰ ٽ Ҿ . ׷ ָ  ¾  ظ ߱ ߽ϴ. ׳ ķ, д  ̻ Ҿ Ȧ  ʾҽϴ. ׸  ¾   д ٶ󺸸 ߾.
""д õ Ҿ  ֱ!""",
¹,,,      ־.,"ź, ¦̴ ","  ,  ̸, ΰ鿡    ⸦ ", ε    (̴  ޷),ε  ڿ  Ű ,"¹  ȣϴ  ź , ","¹ ź ÷ ϴ , ε Բ  Ű  ־ϴ. ߿    ٷ .      ȣ ,   ε鿡  θ ִ  ߽ϴ.  ð 귯 ź ϳ  ݰ, ε鵵 鼭  ϴ.  ϴ. ¹  ź   ״   ӿ ε  ̿ ź ٶ󺸸  ưϴ.
 , ¹  Žϴ  ڰ  Ҿϴ. ׶,  ӿ   ϳ   Ÿϴ. ڰ  ̸ ,  ִ  Ȱ  ٱ   ־ϴ. ׳ ,  մϴ. ""  ӿ  Ҿ ,  ̰ ̸ װ   ȣ.  ̸    ž.""
ݵ ¹   򰡿,   ź μ   Ű  𸨴ϴ.",
ʽ,,,  ~  õõ   ̾߱Ⱑ !,",  Ҿƹ ̾߱, ¡","ϰ , ٴ  ", , ̾߱⸦ ǰ 踦 Ű  ," ̾߱⸦ Ű   , ",",  ûȣ  忡 Ư   ־.  ̸ !      ̶ ҷϴ.

   ߰ ִٰ  Ǹ   踦 ߽ϴ.   ⸧ĥ ϰ,    ܴ ξ. п   ưư߰,  Ҿƹ, 忡   ָӴ,   ఴ  ϰ Ż  ־ϴ.

׷  ,   踦  ϴ.
̷  谡  ִٰ? ٸ ϳ   ٵ!

    ¦ ϴ. ٸ  谡   ƴұ? ׷ ڽŵ  Ǵ ɱ?

 ϴ   ޾ҽϴ. 谡  .  ӿ  ̾߱Ⱑ  ִٸ,    ʾ!

׳ ,    踦 ҽϴ. ׸ ʸ ã 鿡 ̷ ϰ Ͽϴ.
 踦 Ÿ,  ̾߱Ⱑ 鸱 ž!

׷    ȣڷ , ٴٶ  õ 踦 Ѻ ִٰ մϴ.",
ô,ٱ,, ƾ ưư!  ̾!,"ٴٸ , ô а Ǫ ٴ,   Բ  ڿ˽","ϰ Ȱϸ,   Բϴ  ϴ .  鿡   ָ, °  ߿伺 մϴ.",ݺ  (#FFD700),ٴٸ⿡ ° ȭ ִ̾  ȣ ," ȭ մ , ٱ",", ô   'ٴٸ⡯ Ư ̰ ų Ⱦ. ٴٸ   ȭհ  ϴ ,   ߿   ϳϴ.    ǳ  ȭ ¡ϴ ż ٷ, ΰ     ̿.   , ػ󿡼 Ҿ  ٶ    Ⱦ.   ũ ߾. ٴٸⰡ     ´١   ϰ ־ .  ü ѹ Ҷ ָ Ҵϴ.

׷ , ô  Ǫ ٴٿ â ӿ ٱ񡯶  Ÿ. ٱ  Ư ɷ  񿴾. ٷ  մ ɷ¡̾.   ճ ưưϰ  ʴ  ϴ. ٱ    ޾ ٶ   ٽ ̾. ٱ  п,   ٴٸ⸦    ־,    ǳ ϰ Ǿ.

ٱ     Բ  ,  ɷ п  ȭհ   ϴ. ׸  ķε, ٴٸ ̸ ٱ   Ű  ¦  ٰ ؿ. װ    鿡 ° Բϴ   ִ ¡ Ǿϴ.",
ȫõ,,,"ó Ӱ, !",", , ŰŸ, λѿǰ ","̸ ϸ,  ִ   ", ?,"ȫõ   鿡 ¥  ϸ, ϰ  ϴ ","ȫõ  ϴ , ","ȫõ Ư   ־. ٷ  񿴴ϴ.   Ÿ  ʹ ؼ, ȫõ  ӿ ϰ پٳ. ״    ִ Ư ɷ .  ӿ  ¦ ױ⸸ ص,  ġ ִ ó   帣ų, δ õõ 帣⵵ . 
̸ ȫõ  ϴ  װ  쿡  ¥    ְ    ϻ̾ϴ.      鿡  ġ  ϰ,    õõ   ֱ⵵ . 
  ߿ϰ ϴ ǥ ȫõ   ϰ   ֵ ϴ Դϴ. Ϸ    ȫõ  ϱ ߾.  ų ,   ʾ ż 쿡 ָ Ǿϴ. ׶  ӿ ¦  . ׷  ڱ ε巴 ϰ,  ż  ѱ ϰ   ־.  𸣰  ׵  ſ.  ݵ   ȫõ  ӿ پ ִϴ.",
Ⱦ,ѿ,,ǰϰ ڶ  ְ ٰ!,"Ⱦȣ, Ⱦѿ, ",ȭϰ ڻ ,Ǯٸ (   ̸ ̰ ٴ), Ҿִ ɷ Ⱦѿ찡 ǰϰ ڶ  ֵ  ,"Ⱦ ҵ  , ѿ","Ⱦ  ʿ ѿ Ư   ־. ѿ Ⱦѿ찡 ǰϰ ڶ  ֵ   ϰ ־ϴ. ״  Ҿִ ź   ־  ѿ  ֵθ, ʿ Ǯ  ְ ڶ󳪰, ҵ ϴ Ǯ  ǳϴ. , ״  ҵ鿡 Ư  Ҿ־, ׵ ưưϰ ǰϰ ڶ󵵷 Ծ.
Ϸ ū   ʿ , ҵ  Ұ   ߾. ѿ     ο ϴ. ""̷       ž.  ."" ״ õõ ʿ Ѱ ɾ. ׸  ϴ÷   . ѿ ճ  Ǫ  귯,   ġ, ϴÿ ȯ ޻ ƾ. ʿ Ǯ  ڶ󳪸  , ҵ ݼ ٽ Ȱ Ǯ  ߾.
ѿ    幵ϰ ̼ .  ճ  ź   ڿ ȭ ̷, ҵ ǰϰ ڶ󵵷 ִ ̾ϴ. ѿ ʿ ȭ ҵ ູ Ű   ʾҾ.",
,ǳ,,"ٶó ,  ٶ  ￡ ","  , ޹ ڶ, ׸   ڿ.   ̾߱","Ӱ źο, ǳڿ  . ٶó Ÿ 鿡  ְ .",Ŀٶ 񰫰 ä, Ƹٿ ڿ   ϴ  ,"ٶó Ÿ  ̾߱⸦ ϴ   , ǳ","ǳ   Ӱ  ó ư 񿹿. ״  ,  ̰    ڿ   Ѻ  źο ϴ.
  Ҹ 帪 ó  ٶ ӿ ¾ ǳ,  帣 İ    ڶ󳵾.   Ƹٿ ,   ӿ   ̾߱鵵  ־.
ǳ  ޻  ٶ ӿ   ⵵ ϰ,   ǳڿ   ⵵ ؿ.   ̾߱ ܼ  ƴ϶,   ǹ̸  ִϴ.
 , ǳ   ȴٰ 鿡  ̾߱߾. ""  ӿ      ̶.""
״ ̵ 鿡  ̾߱⸦ ָ鼭,  ӿ  ư  ã . ǳ     ӿ    ʰ,    ޲ٴ ϴ.",
â,޹б,, ɵ  ̾߱Ⱑ   ̷  ž,"޹в, ȿ Ҽ,   ǳ","ϰ ,    ǻ  ϴ .    а, ׵鿡 ʿ  ǳٴ.",ٶ Ÿ  ⸦   ִ ,"޹в  ,  ޹й Ŵϴ  ٰ   ǳ״ ","޹й ٸ   ġϴ , ޹б","޹б â ޹й ӿ  ִ Դϴ. ޹в Ǿ ̸,   Ͼ ó  ڿ ϳ ˴ϴ. ״ ޹в  ߰,  ɵ    ִٴ  ˰ ־ϴ.
 , ޹й ŴҴٰ   ߽߰ϴ. ׳ ޹в ̸ õõ Ȱ ־, ޺ Ʒ 帣    ϴ. ġ     ޹вɿ  ñ ߽ϴ.
޹б  ٰ ߽ϴ.  ɵ  ̾߱.  ӿ ǰ     ̷  ž.
  ߰ ޹в ٶ󺸾ҽϴ. ׳ ճ   ġ, ޹б  ٶ Ÿ ׳  ϴ.
  ǿٰ? ׳డ  ǹ, ޹б ε巴   ϴ. ׷,  õ  ǰ,  ٽ ¾. 츮 ĵ ׷ ο ̾߱Ⱑ Ǿ  ž.
   ޹й ٶ󺸴ٰ   ۰  Űϴ. ޹б ׳డ  渶 ɵ  ȯϰ ǿָ ӻ迴ϴ.
  ޹в  Ƹ  Ǿ  ƴϾ.   ǰ,   ֱ  Ǿ .",
,,,! ״!   Ծ!,"ġ , Ƹ, Ƹ",ġ  ߷  峭ٷ , 񵵸?, ʹ ؼ ķ     峭ٷ ,"  ġ Ÿ  Ƹ  , ",",  Ƹ忡  ʹ ϴ ,   ־.     ϸ  ٰ ķ   Ѿ . ׷ ʹ ϰ Դ ٶ ׻    ġ Ҿ.   ׸      ž Ծ.
 ,   ָӴϴ ̻   ִٴ  ޾Ҿ. մ ɱ⵵   ׸   ־ŵ. ׷  ʿ    űű   ߰߾. ٷ 񿴾!  ༮,  ȥ  ԰ 谡 ? ָӴϰ ¯  ,  Ų ٵ 𸣰  ķ Ų     ° Ҿ. ָӴϴ  ߾. ""  Դ  ƴ϶,   Դ Ŷ.""  ӹŸ . , ׷顦  󸶳   ־? ""     ܴ.""
׳     ׸ ° Ѿ  ʾҾ.
    ϸ ¦ ٰ   ķ Ѿ   .   ʹ ϰ Դ ٶ   塯 ġ . ׷ ݵ   Դٰ   ġ,   ؿ. ""!    ߳ !""",
ö,Ѻ,,ٱ   ̱!,"ź ܿ, , η"," ϸ,   ִ ο ","   , ճ   Ǿ", ձ  ȣ ,"ö ܿ ϼϴ  , Ѻ"," , ö  ΰ  ʴ , ̰ ܿձ̾. ź  ٴó Ȱ߰,    ϰ ¦̴ ̾. ̰  ɵ鸸  ־.  ɵ 踦 Ű 簡 ٷ Ѻ񡯿. Ѻ    ø ٽ,   ߾.  Ǹ  , ٶ  ߸ ϴ .
׷  ,  ٶ ʿ ҾԾ.  , ź  帣 ߾. ɵ   ߰,  ڸ ο  ¾ ߾. ٷ ΰ̾. Ѻ ó ΰ ڽ  ձ ٲ  ߾.  ð 鼭 ΰ ź ֺ  ̷, ڿ Բ ư  Ѻ  . ׸   ̱⸦ ϰ,  ö ܿ   ȣڰ Ǿ.
 , ź  Ƶ Ѻ   ־.   ܿ,  Ǿ ̸ Ѻ  ãƿ  Ѻٰ ؿ. ö ܿ Ȥ Ƹٿ , ٷ װ  ̰ ϰ ֱ ̶ϴ.",
ȭõ,ķα,,õ ķȣ ⸦ ! ⸦   ִ  ?,",  ,  ,  ġ, ʿ  ", ġ   ׻    ϰ ,÷α ָӴϿ ?,"ķȣ ϰ, ޵ Բ ڿ Žϸ Ű Ȱ ","ķȣ ȣ, ް Բ ڿ Ű ķα","ķα ȭõ ڿ ȣϴ ߿ , ķȣ  ֺ °踦 Ű Դϴ. ״ ȣ ȭ Ű ȣڷ, ҿ  Žϸ ޵ Բ ڿ ϴ.  ķα ܼ ⸸ ϴ  ƴմϴ. ״ ڿ ȣϴ ȣڷμ, δ ڿ Ѽϴ  ¢, ȣ   Ű  οϴ. ڿ ϴ ķα  ڿ ȭ ̷ ư  鿡 ְ, ӿ ߰    鿡  ߿伺 ˸ϴ. ״ ڿ Ƹٿ  ϰ ֱ ,  ׸   ڿ  ǻ .

ķα ȭõ ǥ ڿ ȣڷ,  ȣ,  ȣϴ μ,  ֹε Բ ڿ ϰ Ű Ȱ ϱ⵵ մϴ. ״ ȭõ Ƹٿ  ̵   ֵ, ڿ Ҹ ȭ ̷  ˷ִ Դϴ. ķȣ ߰ߵ ڿ  ķα 鿡 ϴ ޽Դϴ. ״ 鿡 ڿ   ȣڴ ħ ָ, ȭõ  Ƹٿ ڿ   ֵ  ֽϴ",
籸,߽ɱ,,   ̷߸  ư.,籸   ڶ 籸Ұ ÷," ȭ ϴ, ϰ źο ",ݺ ,ѹݵ ߽ɿ ڿ   ߴ ,"ѹݵ  ߴ ߽ ȣ, ߽ɱ"," , ѹݵ ߽ɿ ġ 籸 ߽ɱ Ư   ־. ״ ٷ ߾ ¾ . 籸 ѹݵ ߽,    ̷ ߿ ҿ⿡ ߽ɱ ׻ ڿ    Ű  ؾ Ѵٰ .

߽ɱ 籸 Ƹٿ ڿ ӿ ڶ,  ȭ  ߿ϰ ߴϴ. ״ ݺ     ־µ,   װ  Ư ɷ ¡߾. ݺ  ߽ɱ ڿ 帧 ߰,  ڿ   ư  ֵ ־.

 , 籸   ڿ  Ҿ ִٴ   ϰ ־. ׵ 縦   ϰ  İ, ڿ 帧 ϱ .  ߽ɱ ٷ ׶, ݺ    ã   Ǯ. ״ ڿ 帧 ٽ ߰, 鿡  ȭӰ ư ϴ ־ϴ.

""   ̷߸  ư."" ߽ɱ ߾.   п 籸  ٽ ǰϰ ǳο,  ڿ ϸ ư  ְ Ǿ. ߽ɱ  籸 ߽ɿ, ѹݵ  Ű   ȭӰ ư  ִϴ.",
,۱,,  ȭ  Բ  ž.,"۳, ǻ,  볪 Ȳ±","ڿ ϸ, ϰ åӰ ִ ",  ,۳ Ű   ,"۳ Ŵ, ۱","  ۳  , ۱ Ư   ־. ۱ ۳ó Ͼ   ,  ȭ  Ű  ð ִϴ. ҿ    ٴ, ۳ ų , Ư 3 4 ҿ  Ÿ  ñ Ի Ǹ, ۱  巯    ϸ  ̸ ְ ߾. Ư,  Ǹ   ̷ ۳ ų μ ʵ, ۱     ¸ ߾. ۱     ưưϰ ڶ󳵴ϴ.
Ϸ ۱  ϸ ۳  ڶ ִ Ȯϰ ־. ׶     ãƿ ׿  ɾ. ""۱, п  ̷ ȭӰ Ƹٿ!"" ۱ ̼Ҹ  ߾. ""  ȭ  Բ  ž.  ȥڸ  ƴ."" ״  ó, ۳ Ű  ׻ ϰ ־.
۱   ʰ, ۳ Բ  ȭ Ű   ʾҴϴ.     Ĺ ǰϰ ڶ󵵷 ָ, ׵  Ű ȣڷμ  ӿ  ֽϴ.",
,ȭ,,"ڿ ۵Ǵ ȭ, װ  ū ","  ٴ, Ǻ, ,  ػ깰",ȭӰ  ,ȭ , DMZ д  ġϰ ȭ  ϴ ,"д İ ȭ ޼ ϴ , ȭ"," ڿ ƸٿӸ ƴ϶, д   Ư ̾ϴ. ̰ ѱ  д ¡  DMZ  ġϰ,   ǹ̰ ó ̾ . ȭ   Ű ȭ ϴ ,  ϴ ٶ󺸸 д    ߽ϴ.
 ӹ  ڿ ȣϴ ͻӸ ƴ϶, 鿡 ȭ ߿伺 ˸ ̾. ״ DMZڹ 븦 ã ̵鿡 ڿ  ȭ ޽ ϰ, д Ѿ ϳ   ֱ⸦ ⵵.
 , ȭ 뿡  鿡 Ư  Ϸ ߽ϴ. װ ٷ ȭ ̾.   ٴٿ  Ư  ȭ    ̾. ״  ϳϳ   ϳ Ǳ⸦ ٶ  , 鿡  ־ϴ.  ٵ  ϳ ū  ǿ, 츮  ϳ Ǿ ȭ  ǿ  ֱ ٷ.   ޾Ƶ,  DMZ    ִ ȭ ¡  ü߽ϴ. ȭ ޽ 鿡 ū ΰ Ǿ,  ޵    ־. ȭ  DMZ   ڿ , ׸ д ó ġϴ  ߽ϴ. ״   ٴ,  Ű ȭ  Ǵ ׳ Ȱ   Դϴ.",
籺,ش,,"شȭ ٴٵ, 굵 ϴ ̾!  ׷!","شȭ, ٴٶ, , ĵ Ҹ,  ػ깰 丮","ڿ ȭ ߽ϸ ϰ  , ఴ   ",ĵ ǰ  İ  ָӴϰ ޸ 㸮,"  ,  ٴٸ ȭŰ ν "," ٴ, ׸  ȭ  , ش","  Ǫ ٴٿ ǻ , Ӱ Ǿ شȭ  ӿ ش  ¾ϴ.    ѿ ״ ٴٿ , ׸     ٶ   ִٰ մϴ.
ش ٴٶ   ǻ    巯ϴ. װ з ĵ 鼭  ̾߱  ̾߱⸦  Ѻ,    ఴ鿡Դ ¦  ˷ֱ⵵ Ѵϴ.  ٶῡ شȭ Ⱑ ּ , ش  ִٰ ̾߱Ѵٰ ؿ.
ش  ٴ  鼭, ϴ  ϴ ͵ մϴ. ٴ ̶ ̾߱ϴ Ư ɷ ־,  ĵ Ÿ    ٴ ҽ ⵵ Ѵ. ش ձ  ĵ   ε巯,  ٴ ̾߱Ⱑ ٰ մϴ. ׷鼭 ش   ұ ׵鿡  ǳ״ ͵  . ׸    ٴٷ   ٴٻ ϴ ڸ شٰ մϴ. ش شȭ  մϴ. ٴٶ Ƿ  شȭ  Ӹ Ȱ ٴϰ, ڱ  ָӴϿ شȭ  ־ ٴѴٰ ؿ. ش  ӹ  ڸ شȭ ɾ, װ  ߾  Ѵϴ.
ش     شȭó   ְ, ٴٶ  ϴû    ֽϴ. ׸ 㸮㿡 ĵ ǰ   ޸  ٶ  ɰ ٴѴٰ ؿ.  ٶ   ε巯 ٴٶ Ҿͼ ƹ  ٸ ̶ ϴ ȭӰ   ְ ȴϴ.",
"
Ưġ",ȭ,,"   ǰ,  귯 ̾߱Ⱑ . ","  ǳ,   (޹, ڿ˽), 帣 ,   ̾߱","ϰ  ǰ ϸ,  ڿ   ",̾߱ , ڿ ӿ  ̾߱⸦  ϰ  ,"       , ȭ","  ư    , ٶ  Ҿ װ ȭ  ־. ȭ    ̾߱  Ű 񿹿.  ϰ  , ӿ  źο ̾߱ ϴϴ.

ȭ  Һ  ̸ܿ   巯. õ Ҿ ɾ  ٶ󺸱⵵ ϰ, ȫõ   Ե ̾߱⸦ ⵵ . ׷ Ե ȭ ٶ ȭ   ־!   ٶ ִ  Ҹ ,  ̾߱ ϳϳ  ϴ. ׷ ȭ ٳణ    ǻƳٴ ű ̾߱Ⱑ  ־.

ȭ  ڿ ô ؿ. Ư   ǳ  Ѵϴ. ǻ ¹  𳯸 ̸ չٴڿ ɽ ޾   ڿ ȭ Ѻ  ȭ  ̿. ׸  ٴϴٰ ִ   ׳ ġ . ޹ ڿ˽̸ Ư ؼ,      Ѵϴ.

ȭ   Ưؿ.   Ǫ  ְ, Ӹ  ó ¦̴   ޷ ־. ׸    Ҹ    ڶ ޷ ִϴ.  ȭ  Ƴ  ٷ ̾߱ ǡ̿.  ġ   տ  帣. ȭ ̷   ̾߱  ϸ,  ʵ ְ ִϴ.

¼, ܿﳯ      濡 ȭ    ſ. Ȥ ٶ ӻ̴  Ҹ 鸮,  ͸ ￩ . ¼   źο ̾߱⸦    𸣴ϱ!",
,,,"մ,    ưưմϴ!","ȭ, , Ϸķ  ϱ", ߶Ծ    Ϻ, ġ( պ ),㸶   ϴ ,"ȭ  ӿ  , "," ô,  ȭ Ǽ  ̾.   ε    ״  , ٶ Ҿ ұ ڲ Ʈ. ̸ Ѻ       ְ     پ. ׸ ڽ  ұ濡 Ҿ־,    ȥ  ӿ  Ҿ. "" ? ?!  ̡ ݾ!!"" ׷   ǾȾ. 
    㸶  ̸  ׾Ұ, ε    .  ̸ Ѻ    εþ.  ,   Ҹ Խϴ. ""ƾ!   ε帮 !""  ¦  ٽ εȾ. ! ""̰! ű !""    翡 . ""ʴ ?""  ӿ  Ҹ ߾. "" Դϴ.   ;µ, Ǽ  ǾȾ.""   ߾. ""װ    ̶,  ʸ   ָ."" 
   ϴ  ߾. ""ƴϿ, ̽ÿ.  ⿡ ڽϴ.   ϼǴ   ;. ׸  ⿡ ,      ſ.""  źϸ ߾. ""׷ٸ, װ ȭ Ű  Ǿ.""  ⻵ϸ ߾. ""˰ڽϴ!    ſ!"" 
׳ ,  Ǹ    鸲 ٰ ؿ. װ   ȭ պ ֱ  .",
,ɳɱ,,츮  ̵ϰ ȸ  ϰ ð.,"ϻ  , ϻ ȣ",ȣ  ߸ پ Ž ,Ž or ø  ʱⱸ,   ӿ ܼ ã ذϴ Ž ,"  ӿ ̽͸ ϴ  , ɳɱ","  ȣ Ӱ ƴٴϴ ɳɱ 峭  ȣ ġ 񿹿. Ư,  ̵   ÿ  ̻ ǵ ذϴ Ž ϴ. ֻ꼺  ظ ִø  硯 . ׷  簡 ۵Ǳ⵵  ū .  ô   ʰ  ſ!   ֶ    ,  ߡ̶ Ҹ  ⸦ ÷־ٰ .  ҽ  ɳɱ  ¦ . ȣ, ̰ ִ ̱!
ɳɱ  ̵ Բ ܼ ã .     ڱ  ־, ֻ꼺  ƿ,  ̿! ̻   ־. Ѱ   ̴  õ ߰ߵǾ. ׳ , ɳɱ  ó     ٷȾ. ׸ ħ   ׸ڰ  Ǹ  ã ־! ɳɱ ½  Ű ߾. ű !    ? ׵  о. ׵   ϴ л̾, ִø  Ϸ    ߴ ſ. ɳɱ  ߾. ׷ٰ     ! ᱹ, ô ִø    Ʈ   ǹ̸ ϰ ø ߰ϱ ߾. 
ɳɱ 幵ϰ  ߾. ! õ  ذ Ϸ! ׷ ɳɱ   ã Ÿ .",
,,,,,,,,,,
,,, о? ! ̰   ߸ǰ  ž!,"  Ź,   ,  ۵ϴ  뿪   ߸ǰ ",ȣ   ߸,"  ִ ٱ ߸  Ʈ /  ̵ ׷δ ġ.   ߸ Ʈ 

","и η ʰ,   ߸ǰ ϴ  ","ǷζǷ, ߸  !"," Ǳ  򰡿  ~ ~ ~ ̻ Ҹ . װ ٷ ǷζǷ 桯      ֱ !  Ȱ溸 ū ,   ,      ߸ 񿹿.

 и η ʾƿ. ϸ   Ź   Ƣ͵   . ֳİ? е   ߸ǰ  ϳŵ!̰  ̰ŵ.

 ,      .  ݼ ģ Ǿ, Բ ϴ  ġ ,    ,  ۵ϴ  뿪  ߸ǰ .

ô    ͵ , ε  ߾. ֳĸ   п  п,  迡  ų ߸ ð Ǿŵ!

ݵ  ѻ꼺   ̸ ǷζǷ~ ƴٴϸ,   ã ο ߸ ޲ٰ ִϴ.",
õ,,,  ü ̾!,"õŸƽȭ, ѱȭڹ, 񿹼, , Ÿ",â̰  ǳ  ̵ , ,"ȭ ϸ, ̵鿡 âǷ°  ϴ  ","   , "," õ ¾. ֳϸ, õ     ÿ . õ ȭ ȭڹ, ׸ پ ȭ 簡  ̰  ϴ 񿡰 Ϻ ̾ϴ.    ̰   , 鿡 âǷ°    ϰ Ǿ.
  õ    ̵ ׸ ׸ ־.  ̵    .   ͵, ׸ ̾߱⸦  ͵  . ׶,  ε巴 ٰ   ¾. "" ʷ ̵ ׷.  ٰ!""    ߾. ׸   ¦̴  귯, ̵ ̿ Ƹٿ ǳ  ܳ. ̵    ߾. ؼ ׸ ׸ ߰,  ڽŸ ̾߱⸦ â.
   õ  湮߾. å а ִ ̵鿡 ̷ . ""å  ̾߱ ׷?"" ̵   , ڽŸ  ߿ٰ ׸ ǥϱ ߾. å  ι    ̴ ó, ̵ ׸  ̾߱Ⱑ Ƴ.
ķε  õ   Ȱ ̷   巯¾. ""  ü ̾. װ ϴ ͺ      ִܴ.""   ̵鿡 ϸ, ׵ ӿ ׸  Ƿ    ־ϴ.",
ȭ,ȿɱ,,ȿ  ϴ ̾,",  ȿȭ,  ػ깰, ε",ε巴  ,κ ȿ ¡ϴ  ġ," ȿ ̾޾,  Ǹ   ϴ ","  ϴ , ȿɱ","ȿɱ ȭ ¾ Ư Դϴ. ȭ   ӱ ƹ 絵ڸ ⸮   ȿ ÿ.  ȿ ȿɱ񿡰Ե ״ ̾, ȿɱ 鿡 ȿ  ϴ  ϰ ִϴ.
ȿɱ  ȭ  Ǹ ó  ӿ ־. װ  ϰ ȭο ̾. ȿɱ ̰  ð   ٵ, 鿡 ȿ   Ϸ ߾.
 ,   ãƿ   ȿɱ񿡰 ٰԾ. "" ̰ Ǿ  ƹ  ̴,   Ҿϰ  ż""   帮 ӻ  о. ȿɱ    , ε巴 ߾. ""ȿ    ִ ſ.       ȭο ó, ߿   ϴ ſ.""
ȿɱ ο  絵   ȿ ̾߱ ־. ƹ Ű ߴ  ȸߴ   ϰ,   ǥ  ֵ . 
 ķε ȿɱ  Ǹ  ãƿ 鿡 ȿ  ߾.  Ұ Ŵ ڿԴ   ȳϸ, װ  ̾߱⸦ ־.  װ ϴ  ̾߱⸦   , ȿɱ ġ        ־.
ȿɱ  鿡 ȿ  ˸,   ӿ ɾ־ϴ.  Ǹ ϴ뿡, ȿɱ 鿡  ȿ ϴ ,  ڸ  Ű ־.",
Ȼ,,,ٴٴ   ̾.  Բ ٴ ǳʺ?,"ٴ   Ÿ ̷ο ǳ,  ǰ,   Ž","峭  ȣ ,    ",ź ħ (ٴ   ˷),  Ȼ ٴ ȣ ,"ź  Ȼ ٴ ȣϴ ٴ ȳ, "," ,  ٴٰ й 买    ݴ ,  ٴ ǳʴ  ִ  ־ϴ.  ̸ .
  ε ε Ʒ ڰ ִ 񿴾. ׷  ,  ٴ幰 зԴٰ  ź ٴ 巯   ¦ . ""ȣ! ٴ ȴ  ϳ? ̰  ̳ ̾!"" ׷ ״ ٴ ȣϴ  Ǿϴ.

       ħε,  ħ ٴ  ,   ˷ִ ź   ־. ׷ ε̳ ׳׵  ϰ ٴٸ ǳ  ־.  
ð 귯, Ȼ  ̻    ƴϾ.  ٴ  𿩵鼭 ð  Ŀ. ε ź׿   ãƿ ٴٸ ϰ, ػ깰 ,  ǰ . ׸  ߽ɿ   Ȼ ѹα ߿ ð Ǿ. ׷  ڽ   ʾҾ.  ź ٴ ε ؾȰ Ű鼭 ٴ ϰ ǵ ְ ־.
ݵ  ڽ ߰ 鿡 ̷ ϰ ؿ.
""ٴٴ   ̾.  Բ ٴ ǳʺ?""

    ٴ źο ٽñ ݰ ȴٰ մϴ.",
ֽ,,,帣  ο ̾߱⸦ ,"Ѱ ٱ, ǾƳ ,  ڿ,  Ѱ  丮","ȣ  峭 ġ,   ", ֺ ( ε巴 帣 ִ  ),  ϴ  ȣ ,"ȭο    , ","Ѱ Ѱ 帣 ֿ     ϴ  ־ϴ.  ̸ .    帣 ̶  ٴϸ ٱ⸦ ϰ,   ȭ ̷絵  񿴽ϴ.

 ,   Ѱ ŴҴٰ ǾƳ  ߰߾. ""?    µ?"" ű  ٰ , Ŀٶ ǾƳ  뿡  ÿϰ 귯 ־. ġ ڿ ó ,   .

  ٶ󺸴ٰ ߾ŷȾ. ""ڿ  Բ  浵 !  帣  ʹ     ٵ..."" ׷  ֺ  ϰ ƨ. ׷   ٱⰡ ε巴 鼭 ֺ Ⱑ .

׶ ó    տ  ÿ Ҹ  ̼ .    ! п   ÿϰ !  幵ϰ  ߾. ""帣  𼭵 ο ̾߱⸦ !""

׳ ,     Ƹ ȭ ̷  ٷ  ̶ ̾߱Ⱑ  ִϴ.",
Ⱦ,Ʈ,,Ϻ ǰ? ׷  !  ؾ ¥ .,"Ⱦ翹, Ⱦõ, ߾ڹ", ϰ â ټ   ִ , ũŻ ȷƮ( Ȧα׷ ̳  ѷΰ ), 峭  ʴ ο â,"Ⱦ翹 â , Ʈ","Ⱦ翹 ȴ ,   ޶ ̳ ȭ, ̵Ʈ ǰ ߰  ־.  ̰  մ , Ʈ񡯰 ٰ ̾߱.
, Ⱦ翹  , Ʈ  ʴ  ߾.   ,   ׸ ׸ ̷  .  1977, ȫ  ۾,  ǰ  Բ . ð 귯  Ϳ ٽ  Ǿ ߾.   ڹ ǰ,  ̼ Ÿ ä.  , Ʈ ٽ . ״ ο   ̸ ,  ϴٰ ߾. ""̰  ̿ϼ̿."" ׶ Ʈ   ǰ ϱ ߾. ̵Ʈ ǰ    ϰ,  ǥ ٲٰ, ȭ  ʴ  .  ""ǰ  ٸ?"" Ǿ, ƹ   .
Ʈ  ʾƿ.  ϼǴ   ƴ϶,  ȭؾ ϱ ̿. ״    ġä ϴ  ο  ܿ. ׷,  Ⱦ翹 湮    ޶ ǰ ߰Ѵٸ װ Ƹ, Ʈ    .",
,,,,,,,,,,
,к,,"  ٴٿ ,  帧 ϴ  ߿","ٴ  ӻ,  ,  , ","źӰ ȣ , ٴٿ  Ƴ ڿ  Ű ",Ӹ   (#D6C4B8),"̵ ٴٿ  ȣϸ ڿ ̾߱⸦ ϴ źο ,"," ٴ  Ű źο , к"," ,  ̵ ٴٿ  ӿ ¾ ź , к  ־ϴ. к ̵  ٴٿ  ¾ ,     ٴ   ־ϴ.   ̵ ٴٿ  Ű,  ӿ     ̾.

к  ٴ Ҹ ,  Ͼ ȭ 캸ҽϴ. ״  ӿ   ̾߱⸦ ˰ ־, װ 鿡 ִ  .  ٴٿ  ϰ Ƴ, װ  ͵  ǳٴ  к ο ˷־.

 ,    к ãƿԽϴ.   ٴ 帧 ̻ϴٴ  ˰ Ǿ, к ׿ ٴٿ  ߿伺 ٽ ѹ ־ϴ. ڿ 帧 ϰ, ٴٿ  Ƴ  , ٴ  ؼ ƿ žߡ ϸ, к      ű . װ ٴٿ ڿ Ű   ¡̾.

к 鿡 ڿ  ġ, ̵  ֺ ٴٿ  Ű  ذϴ. ׸ ״   ӿ ٴٿ  ϰ ϴ  ɾ־.",
ֽ,å,,å ӿ  ־!    о?,"å , åѱ Ҹ, ۾ Ҹ, ũ","å ϰ, ȣ  ȶ  ο    .  ڱⰡ Ⱥ å     ڿ ĺ",åǷ ̿ϴ ٶ  Ǵ Ӹ  å ,"å   װ, 鿡 å ġ ϴ ","å   ã, 鿡  å  , å"," , å   Ǵ  ־. å å ϰ, å ӿ   鿡   .     ñ   , å  å ã ذå ã .

å񿡰Դ ' ' ־. װ ó å  ǰ,      å Ÿ źο ҿ.  å װ   ־, װ  å ã  ־ϴ.

Ϸ,  ̰ ""å ʹ Ƽ   о  𸣰ھ"" ߾. å   '   å' ã ̿ ־. ̴  å а   .

å  å  鿡  ָ,   ູ Ű ־. õ ״  Ǵ ο å ã,    ذϴ  !

",
ν,δ,,     ϰ !,"δ, 佺Ƽ, ۻ",ϰ    ,δ   η縶, ó ġϰ  δ  ϴ ,"δ     ϴ , δ","  忡,   ر       . Ƕε 𿩵鼭 ׵ ɰ  ϳ 췯,   ϰ   δ źߴϴ.  ̱ δ뿡    δ,  ñ⿡ θ ϴ   ū α⸦ . 
   źο  δ Ȱ ־ٰ ϴ. δ ԰Ÿ  ǰ  ̵ ޼ӿ  Ÿ,  ѵ   ġ ó δ   췯 Ծ.      ϰ ! ӻӰ Բ, ״ δ   ¦ ־.
ķε δ    , δ     ±Ⱑ 񸶴   ѺҾ. ε ֹε     ̼ ,   ٷ   ϳ    ޾Ҵϴ. δ     ± õ   ã  ̵鿡   ְ ֽϴ.",
,Ҿ˱,,ص ǳ̾~,"ҷ  , ġ, , 꼺, Ѱ", ڿ Ƴ   ,Ϳ ̻ Ű ٴ, Ȯ     ,"縦  ǳ並 Ű , Ҿ˱"," , Ѱ 帣  翡 Ư   ־.  ̸ 'Ҿ˱'. Ҿ˱ ó ڿ ٷ ɷ  ,   Ȯ ֱ  ׻  ɾ  մϴ.      ߾. Ư ӱݴԲ     Ư. Ҿ˱   ְ ڶ ϱ  ħ Ѱ ż ٶ  Ҿ־ϴ. п     Ǫ ǳ߾.   ҷ    Ϸ縦 ߰,     Īߴϴ.
, Ҿ˱  Ư깰   ġ  ־. ġ ˽ϰ ÿ     . Ҿ˱  ڶ    ϰ, ٶ Ҿ༭  ǰϰ ڶ󵵷 ־.
 ,   Ҿ˱񿡰 . ""Ҿ˱, 츮  繰 Ư    ΰ?""Ҿ˱ ̼Ҹ  ߾. ""װ  ڿ Բ ư  ̾.  ε   ϰ, ڿ Ƴ    ̾. ׷ ׻    Ǿ ־!""   Ҿ˱   ڿ  Ƴ ϰ Ǿ.  ķε Ѱ     ڿ Ű, 鿡 ǳο Ȯ Ȱ־ϴ.
 Ʈ   ǳ  ٲ , Ҿ˱ õ Ѱ ٱ⸦  ִ  Ǫ  Ű, ڿ  ġ ־. ",
ֽ,ڱ,,"   ,  ǰ  ž","ڱ ,  ±,   , ѻ꼺 ٺ ǳ","ϰ ,    ",û ΰ, ڱ  ̲   ,"  ֹ , ڱ","ѻ꼺  ӿ   ƿ  ־ϴ.      ߼ ڱ⸦  ߾. ׷ , ֿ п Ͱ      ڱ⸦   Ҿ. װ ݱ   뵵ڱⰡ ƴ϶  Ƹٿ ڿϴ.  Կ ź  ڽ ̸ ڱ  ݵ   ڴٰ ߾. ڱ пͿ       ߴϴ.  

Ϸ  ѻ꼺 ó  Ÿ Ҹ . ""? ̹ ڱ    µ...""   ߾. ڱ ϴٰ ڱⰡ  ڱ⸦ ֱ ߾.   Ͼ ڱ ¦¦ 鼭 ưư߰,  ս ǰ  ǳ  . û   Ϻ ǰ̾.

 ¦  ߾. ""̰  Ƹٿ ǰ̾! ġ  ð     !""  ݰ  ߾. ""   ,  ڱⰡ  ž!""

׳ ,  ڱⰡ   սǷ ϴ ϵ ϴ. ڱ  Բ ϸ ڱ⸦    . ð 귯 Ͱ   ݿ ڱ   ڱ    ڵ  ġ ִϴ.",
,,,¦̴   ٷ !," ,    ,  ","¦̴  ,   Ű  åӰ ", ä ( ӿ  ִ ź ), Ƹٿ ϴ  Ű ,"   Ű , "," ,       ־ٰ ؿ. ߿   ó ¦̴   ߾. ״    ӿ   ã ٳ,     ̸ ϸ ƿ.

  ,   ߵǸ鼭   ߾. ó  ű   ϴ  Ѻ , ð   Ŀ. ""̴ ٰ      ž!""

 ڽ ¦̴  Ű ߾. ״    ƴٴϸ  ̵ ã ٽ  ڸ Ҿ. ׸  ,  湮  ̰   ϳ տ  ־. "",   ¥ ¦δ!""

 ¦   տ ¦  巯¾. ""      ̾. ̰ Ƹ   ."" ̴   ¦ ,     ɽ  Ҿ. ""̾, ٽ ƵѰ!""

׳ ,   Ű 鿡 ӻ迴. ""̰ ܼ Ⱑ ƴ϶,  ̾߱    ̶.""

׷    Ʒ  źӰ Ƹٿ ҷ  Ǿٰ ؿ.",
,,, ͵鵵 ٽ   ־!," , ö, öߵ, ","ȭϰ ϸ,  ϴ  ", ö  ġ,ö Ǵ  Ǹ   ȥ,"    , ","  ӿ Ѷ Ƹٿ ڸ  Ͱ ־.    鸸  ־.  , ö  Ϳ Ͼ  . "" 񿹿! ߰ſ ҿ ܴ ڱ , ׸ ڱ⸦ ܷϴ  ö(ȫ)  ǹϴ   ־.  ͵鵵 ٽ   ſ!""
 ճ    ڱⰡ Ͼ ڷ ϴ  .  ʹ  ϸ       ־.  ,  ҳ    ߰ϰ  , ö Ǿ  Ÿ. ""  ſ!  ͵鵵 ٽ   ־!""
ҳ   ͸ ãƴٴϸ ڱ⸦ ϴ  ߾.  ð 带      .  ̼Ҹ  ߾. ""ʹ  ͵ ִ̾    ǳ׿.    شٸ, ö   ٽ  .""   ̼Ҹ  ٶ Բ .
    ö Ǵ Ϳ  ϴ 縦 . ¼ ö ٶ 鸱 ,  ٽ ƿ 츮 翡   .",
ϳ,ʱ,, 帣  ο  .,"Ѱ, ˴ܻ, ̼꼺",ȣ   ϴ ô,ʱ ִ ֺ ٶ   ϷŸ, 帣  ο  ã ô,"  Բ , ʱ","հ 鼺 ο  ã Ҿ. ħ  帣  ΰ ִ  ߰߾.   ĥ  ؼ 鼺 ߾. ׶ ż ٶ Ҵ  Ÿ.  ̸ ʱ. ʱ ̰   ƴ ڽ ָ ܼ ʼ   ִٰ ߾. ճ ġ  ,     ̷. ѹ  ʼ ϼǾ. 鼺 ź,   ߾. ""츮    ̶ ѳ   ̴."" ᱹ    㹰 鼺 Բ ٽ  ϳ ױ ߾.  , ħ 鼺  ϼ ʼ  . ʱ   幵ϰ ٶ󺸸 ߾. ""  ôڰ Ǿ.""  ʱ񿡰  λ縦 ߾. ""  ̴    ̴."" ʱ  ߾. ""    ̾.""       Ű ̶ ߾. ʱ ָ 帣  ٶ󺸸 ߾. ""   ٸ  ôϷ ߰ڴ."" ״ Ѱ  ɾ. ߳  ,    Һ . 鼺 װ ٶ󺸸 ߾. ""ʱ ο ô ã ."" ׳ , Ѱ 帣 ̸  Һ ٳ.  װ  ʱ  ٸ    ۰  Ŷ Ͼ.",
,,, ִ ڸ  ȭ ų  ־!," ȭο ڿ, ӹ, û",밨ϰ Ǹ ϸ ȭ Ű 鿡  ִ   ֿ켱 ǥ ư Ż翡   ,Į,  ȭ Ű ȣ ,"ȭ ȣڷ ư  , ",",  꼺 ó    ־ϴ.  ̸ .    ϴ     ǥ ٲٰ Ǵ Ⱑ ־ϴ. ״ ֶ   屺 밨   ū  ޾Ұ,   ڽ  ǥ ٲ.   ȭ Ű , ϰ 밨 簡 ǰڴٰ ߽ϴ.

 ,   ̻縦 ϴ.  Ƹٿ ڿ ȭο   ̾, ״ װ ȭο  Ű ;.   ̸,  鿡   ִ   ϻ Ǿ.

 ,  ó ū  , 꿡   帣 ߾.   鿡 ٰ  帣    ֵ ־,  п   ū   ⸦ ѱ  ־ϴ.   ó , ׸ ' ȣ' ҷ.

  Ŀ ؼ  꼺 ó Ű,    ־ϴ.    ݵ  ̾߱ ӿ  ,   ̾߱⸦    ⸦  ؿ.",
ֽ,ɺ,,"   ڶ,   ʿ.","ڽ, õȫ, ȫ, , ũĸ,     ","ſ ε巴  , ֺ ϴ  ",ɴٹ ְų Ӹ Ѽ Ƴ ," ȣϸ ڿ ϴ  , ɺ","ڿ ϸ  ȣϴ  , ɺ","⵵ ִ ڿ Ƹٿ  , Ư õȫ  ɹ  ü ȯ  ̷ϴ.  ,   ɹ翡 ɺ   Ƹٿ õȫ     ޾ҽϴ. ɺ ڿ ϰ  Ƴ 񿴱 ,  ɹ    ʹ ⻵ װ ϱ ߽ϴ.

ɺ     ɹ  Ƹ ǳϰ ڶ󵵷 Խϴ.   п õȫӸ ƴ϶ پ ɵ ڶ󳪰 Ǿ, ɺ  ɵ ȣϸ ϷϷ縦 ̰ ½ϴ. ״ ɵ ȭ , ׵ ڶ  Ѻ ູ ð ½ϴ.

ɺ ȣϴ ɹ  ָ 湮ϴ 鿡Ե  Ұ Ǿϴ.  ̰ ɵ ϰ, ɺ Բ ڿ Ƹٿ   ֽϴ. ɺ  װ ɵ , 鿡 ڿ Ƴ ϴ  ְ ֽϴ.",
õ,,,"ڱó   , Ҳó ϰ ٰ!","õڱ, , õҹ","ϰ  , ε   ",Ҳ Ӹ,õ ڱ⸦   ִ Ҳ  θ ,õ ε  ڱ⸦  ,"õ  밡 췯 ѱ  ȭ ߽Դϴ. ̰ 񡯶 ̸  Ư  ֽϴ.  ڱ ε ϴ  ¾ , ڱ⸦ ˸°  ɷ  ־.  ڱ  ε ã õ   ƴٴϸ, ڱ⸦   ʿ Ư  Ҿ־ ݴϴ.  ׻ ϰ ϸ, ε  ڱ⸦   · ϼ  ְ  η. ״  ӿ ̰߰ Ÿ Ҳ ε巴 ٽ  ִ ɷ  ־, ε  ڱ źϴ  ó  ϰ ſ. ڱ  װ  ڱ ϳϳ  ִ   , õ ڱⰡ    ְ ϴ.
õ ڱ ε  п Ҳ  ϰ, ׵  ڱ ܼ ׸̳ ǰ Ѿ     ϴ ǰ ˴ϴ.    ε ָ, õ ڱ ȭ    ֽϴ.",
,,,"ȣȣ, ̰ մ!  ȣ ~","ä,  尣, ȭ, äâ",ϰ ȣ  峭ٷ, ,峭ٷ  ִ  ȣ ," з  Ű , "," ﱹ ô뿡 , , Ŷ ġϰ ¼  .  翡 ¾     ̵  ̾ Ư ϴ. ״  ϰ ȣ  峭ٷ⿹. Ư ¦̴ п Բ ų    ߴϴ.  д ޺  ȯ  ȣ   ִ Ư   ־.   ȣ ָ ִ ģ ҽ ϰų,   鿡   ȳ   .  ,   ȣϸ, и   ˸ ȣ  ϱ⵵ ߴϴ. 
׷  , ɽߴ  и   ⿡ 峭 ġ ߾. ȣȣ, ̰ մ!  꿡  ȣ !  и ޺    ȣ   . ׷  ʹ ߴ ſ   ƿ, ȣ ִ 鵵 ¦   Ҿ.   ۽  ȣ Ȳ ŷ. ̷,  ʹ ߳?  峭 ߴٴ  ݰ    ֱ ߾. ׳ , 꿡 £ Ȱ ɾ   Ұ Ҿ.  и ½    ȣ ¾.  ȣ  ݹ   ־!  Ҿ       ư  ־ϴ. ׳ ,  ¦̴ д  ȣ ȣ Ҹ Ǿ. ״    ְų,  ˸ ȣ   Ű  ģ Ǿϴ.   峭 ġ ȥ⵵ , ᱹ ο ޴ Ϳ   ־.",
ȼ,,, ~  ° ĺ?,"ȼ ε ǰ,  ų ,  ( !)",Ĳϰ   !   °   ., ۰,̵ ҵ Ĺ  ,"ȼ ȼ   , "," , ȼ  ô뿡 Ȧ̶ ҷȴ ̾. ﱹ ô ̰  ﳲ  մ ߿  ߽. ڰ   ߱  ʾ.  ô뿡 ̸ ε پ ؾ   ǰϸ鼭 ȼ    ̴!  ܳ.   ٷ 츮 ƴ ȼ㡱̶ϴ. ׷ ȼ   Ҿ.  ̵  °ԡ  ִ ű ָ .  ̵   ġ   °,  ְ ߾.

 , а ȼ ߾.   ߿    !   ҽ    þ. ׸ ѹ,    ڽ   ġ ߾.   ϰ ̰, Ʋ ܴϰ ߾.

 , а   ¦ . ó ưư  п   ų ŵ!    ձ   Ҹ , ٽ   ȼ ø ÷ȴϴ.",
õ,,," ,      ְڴµ?","ܴϰ  õ(ȭ), õ Ʈ븮  ǰ","ϰ ,  ̾߱⸦    ¦̴  ",Ŀٶ , õ Ű    ǰ õ  ," ״ 񿡼  ,  "," , õ  ӿ   Ҿ.    ܴϰ Ƹ  ȭ(õ) ĳ  ״  ߾.  ô뿡 ݿ, ֶ  ޻꼺   Ű  ū  ־.

 ð 귯  ȭο  ʿ ,  . "" ϴ    ʴ´ٴ...""    ä ٶ󺸸 Ѽ .

׷  ,   õƮ븮 ٴ ҽ ! ""  ٴ! ̰ž߸   ̾!""  ٽ   ä .   Ʈ븮 Ƹٿ   , õƮ븮  ٹ̰ ־. ſ  ٵ õ ״ٸ,   ٵ õ  ִϴ.",
ǿս,չ,,ղ   .,"ȣ, ռȣ, ո",ٶó Ӱ    ȭϸ  ,Ȱ  ϴ  ,  ̵鿡  ٶ ̿ ܼ ϴ ,"ո   Դ źο , չ",",  ô  ո   ߾. ̰  ϴ ߿ ̾.   ó ռȣ ȣ ̿ Ȱ    ұ  ̾.
 ,  ߿   ߾.  ۽ ǳ Ȱ    Ұ Ҿ. ״   ʴ ȣ ó  ã ֽ, Ȱ ӿ    . ׶, ռȣ   ö ƿö.    ̱ ϴ, ٶ    ϴÿ Ծ. "" Ҿ?  ʸ ָ.""
  ̸ չ񿴾. ״ ռȣ ö ϸ, ȣ ٶ Ȱ ٽ 翴. չ   ġ ε巴 ٶ . ׷ ռȣ  ִ     ư ߾. Ϳ , η̵ ϴ   װ, չ Ȱ ġ    ε߾.     ã  ־, ħ  տ    ־.
  縦 ǥϸ, ""ʴ ε սǰ    Ű, ڿ ΰ ȭ ̷絵  ȣڰ Ǿ."" չ 峭 ̼Ҹ  ٶ Ÿ  . ""   !  ã  ΰ .""
 ķ, չ ռȣ ȣ ,  Ӱ ٶ ̿  ȳϴ  Ǿ. ݵ ռȣ ó ö   ư,  ӻ迩. ""չ ٶ Ҿ  ž.   .""",
,ι,,    !,"򸷰ɸ, ιӸ, ̿, 빮",ϰ õ̸  ϰ  ︮  , ̰  , ܳ Ծ  ƹ  ," ιӸ ְ , ι","ιӸ Ȱ  ,   յ ٴϴ  . ι  ϴ , Ư 򸷰ɸ  ߾.   ɸ  ̰ſ, ̿ ɵ õ 빮 ٶ  ߾.
ι  ذϱ  ɸ   . װ   ߾. ""   ߾.  ιӸ   ɸ µ,   Ź."" ι   캸    ִ  ߰߾. ̰   踦 ϴ ε, 𰡰   ־.
׶, 빮 õ ೪ ߾. "" 帧 θ  ã ġ Ѵ."" ι   ٰ ¦ . ι Ư    ̾.  ι װ  ä ؾ ־ ſ. ""̰,    . ̰   ־ ž?"" ι ѷ  ġ ,     ʾҾ.
ι  ư 鿡  û߾.   ߾. ""   ؾ ̴ .""  Ÿ 뷡 θ  ư,    ""!"" ϸ ! ħ  ,  ٽ  帣 ߾.
ĥ ,  ٽ  ǳ  򸷰ɸ ϼǾ. ι   ø ƾ. "", ̰ž!  ̾!"" ׸ 幵 ̼Ҹ  Ȱ  .  ķε  ɸ  ְ  ߴٰ ؿ.",
ֽ,ѿ,," ,  ,   ư!","ѱ, ,  ҹ","ϰ ο , 鿡 ѱ۰  ϸ   ",,  ̾޾ ۰  ߿伺 ϴ  ȣ ,"  ̾  , ѿ",",   ó  ӿ ѿ   ־ϴ. ״ ϴû ۵   ,   źο , 鿡  Ӹ ϸ Բ ſ ð   ߽ϴ.  ̾߱ 峭   鿡 ū  Ǿ ־.

׷  ,  ַ ȴٴ ҽ Խϴ. 鼺     ѱ â      ҽ  鿡Ե ū  ־, ѿ   Կ ŷǾϴ.

 ֿ  , ѿ ڽŵ ؾ Ѵٴ  ϴ. ܼ  ſ ϴ 翡 ,   鼺   ̾޾ 鿡 ۰  ߿伺 ϴ  ŵ쳪  Դϴ.  ϴû  ġ ϴ   ο Բ,   ¡ϴ  ϴ.

ѿ  鿡 ѱ Ƹٿ     ִ  ϱ ߽ϴ.  ȭ  鿡 ū   ־,   ȭ   áϴ. ѿ  ָ Ű ȣڷμ,   鼺   ̾޾  ̵鿡   ϴ 簡 Ǿϴ.",
õ,ҿ,,  츮 翡 ־!,"õ  佺Ƽ, ҿ ǳ, 굿  İŸ"," ϸ, ڿ ȭ ̷ ȭο ", Ǳ (#A3D9FF),ǰ ڿ ϴ ٶ ε ,"ٶ ε ȭ ϴ  , ҿ","õ ҿ꿡    ҿ񡯰  ־. ҿ Ǫ   , ٶ Ÿ ε  ɷ  ־. ״  ̸ ӿ ٶ Բ 뷡ϸ, 鿡  ְ ߾.

 , õ   ڱ  Ǳ Ҹ  Ⱦ.  Ȳ߰,  غ ǰ鵵  ٸ . ׶, ҿ   ߾. ״ ڿ    . ҿ Ŵ   ٶ ε ̻ ︲  ־.  Ҹ   ߴ ̾.

ҿ  Ǳ ٶ ϡ .  ε帮 ٶ ġ, ε ǻƳ ߾. ٵ  ߸  ,  ٽ   á.  ȯȣϸ 뷡 ҷ. ҿ ߾.   츮 ȿ ־. Բ   Ƹٿ!",
õ,ٶ,,ٶ    ⸦!,"õ, , ̼ , ݱ","Ӱ źο , ٶó  ",ٶ  ٶ,ٶ   ⸦ ȭϴ ,"õ  ⸦ Ű ٶ ȣ, ٶ","ٶ õ û ڿ Ű Դϴ. ǻ û ΰ ִ õ, ٶ ٶ Ÿ ڿ   ڶ󳵽ϴ.  ٶ  ,     õ Ⱑ  ־. ٶ ̸  , ٶ ҷ̰  ⸦ ִ Ư ɷ ϴ. ٶ 帣 ڿ  Ƴ,  ⸦ ġ, ż Ⱑ   ϴ. 
Ϸ õ   ""Ⱑ ʹ ڰ, 꿡 ö󰡵   !"" ϰ ־ϴ. ٶ ׷   ͽϴ. ״ ǻ û  ư ٶ  ,  Ҿֱ ߽ϴ. ٶ  ٽ ȭغ! ٶ ٶ θ,  û  츮 ٶ ҽϴ.  ÿ ٶ װ  ٶ񿡼   ϴ.  ٶ       ⸦   ־, ٶ ٽ  ư ٶ ̾ϴ. ǻ û꿡 귯 ٶ  鿡 ڿ  ϱ ־, ڿ Ű  󸶳 ߿ ˰ ־ϴ. ٶ ؼ  ⸦ ȭϸ, 鿡 ڿ    ϰ ֽϴ.",
,ڶ,, ǰ  ٰ~!,"߱ , ǰ, ̼, 㸷ɸ","ϰ  , ڿ  ", ڶ,ڿӿ   鿡  ϴ ,"  ϴ , ڶ","ڶ ڶ󼶿 ¾ Ư Դϴ. ڶ   Ǫ  ڶ, ڿ 帧    ϰ Ǿϴ. ̸ó ڶ  ׻  ٴϸ,  𼭵    ִ    . ڶ   ڴ ͸ε ູ ,  Ư ɷ  ڴ Ͱ  ־.
     ε    ã, ڶ  ٰ    縦 ѷݴϴ.   縦   հ   ư   ڰ . ڶ ڿ  ο  ϴ  Դϴ.
, ڶ   佺Ƽ    ϴ  ϴµ, ų       ῡ ٰ ϳ׿. ̷ ڶ   鿡 ູ ϴ ,  Ƹٿ ڿ ӿ   ̵  ϰ ݴϴ.",
õ,ȸ,,  ϰ ְŵ!,"ٶ  ̸ ٵ, õ  ñ"," ȣ ,  ð  ̾߱⸦ ñ", Ƶδ  , ӿ  ߾ ϴ ,"  ߾ д , ȸ"," ,  ź     ϳ ¦.   ձ  Ÿ. ̸ ȸ!  ٵ  ȿ      ִ ű 񿴾.

ȸ    ô     Ұ, ȣΰ  ٵ    Ű  ø  ־. δ     ̾߱⵵   ־.

 , ȸ    ̸ . ̴ Ҿƹ  Ҿ   ã ʹٰ ߾. ׷ ȸ   ϳ  տ ָ ߾.
"" ﵵ   ƴϾ.    ϰ ְŵ!""

   ,  տ Ҿƹ   ٳ   . ׷ ȸ  Ҿ  ã־, õ    ̾߱ ־ϴ.",
⵵,׾Ƹ,," ̸ ̾߱Ⱑ ǰ, ̾߱Ⱑ ̸ ̷ !"," ̾߱ ,  ο    ϱ","ȣ  峭Ⱑ ġ, ߿    ",Ÿ  Ŀٶ ׾Ƹ ,׾Ƹ ð մ ð ," ׾Ƹ Ѳ  ſ , ̷ ִ̾ , п","׾Ƹ ð ѳ ſ 縦 մ ,   Ű ϴ  մϴ.  ʼ پ ״ Ŷ,   ⵵  ڸ   ⵵  ƴٳϴ.  ̾߱,  , ߴ    ڽ ׾Ƹ ϸ鼭 .
׾Ƹ   ڽ ׾Ƹ Ͽ Ѳ  ٽ  ô Ҹ    ִ ɷ ־ϴ.  ȭ   Ҹ, ѻ꼺 ȣ ħ  . ״ Ÿ ִ ͻ ƴ϶,    ̷ ư ϴ.    念 Ҹ ϰ, 鿡Դ ֶ  鼺 Ҹ ־ϴ.

, DMZ ȭ濡 ̸  ׾Ƹ ""츮   ֳ""  Ѳ   ô Ѿ ݴϴ. Բ Ҵ , ȭ ٶ ̵, ٽ   ٸ    Ҹ  . ׾Ƹ Ÿ ϸ ̷ ư ⵵  Ű , ݵ Ѱ  ŴҸ  ̾߱⸦ ̾ ֽϴ.",
"
Ưġ",ٸ,, Ȯؾ !,"μû, , ݰ, , ȹ  ","Ģ ߿ϰ  öϰ ü̸ Ĳ,  뼺 ",Ŀٶ , Ĳؾ  ٸ ưٰ ϴ ,"μû  , ٸ","Ưġÿ ΰ μû簡 ִٸ,  迡 μû簡 ־. ̰   ߽, ΰ  Բ    ֵ å  ̶ϴ.
߹    ٸ  Ȯϰ ϰ, å ü ٵ  ؿ. ٱ濣 ""  Ǵ û翡  غ!""  ϰ ִϴ.     ٸ  ϰ ־. ѱ å 䡯   Գ  å ?  ѱ å ϴ  ߾.   Ȯؾ ؿ! ٸ Ȳ   Ҿ. ׶, ϰ  ô ޽  å   ǰ ϸ ߾. ʹ ٻڰ  ʿ . õõ ص ݾ?
ȸǰ ۵,   ,   ø ȭϴ  ߾. ٸ ߾.  ̵ â ̰,   Ѱ  ߿ ǹ̰ ־.
״  ϴٰ ߾. ""ī䡯  ΰ   ø ڿ  ȭ   ֵ ؿ!""
԰   . ٸ    ذå ã   ߾. μû  Ȱ  , ̷ ݾ   ̰?",
߱,,,  ְ!,"ȭ , Կ ", پٴϵ ̸ Ȱ,볪  ȭ,ȭ ʸ뽣 پٴϸ ڿ Ű ,"ȭ  帧 Ű , ","ȭ  帧 Ű    ־.    ڿ 带  ֵ ִ 翹.   ճ ¦ ǵ 帣 ϰ,  Ź  Ƣ  .  , ȭ ʸ뽣 ̻  . ٶ Ҿ 볪 鸮 ʾҰ,    ־. ̻     ƴٴϴٰ,  ȭ  ߴ  ̱ ٽ Ÿ  ߰߾. ̱  帣   ޸ ΰ鵵  ̶ ȭ  ߷ ߾.   ǻ츮     ũ Ϸ̰ ߾.   ̱ ҿ뵹̿ ۾  Ұ , ȭ   ãҾ. ʸ뽣 ٽ ٶ  衯 Ҹ °,  ϰ . ׳ ,  ʸ뽣 ¦̴     ؿ.   ȭ Ű ִٴ   ֱ .",
,õ,,ȭ η ʾ! ο   ž!,"ȭ , ȣ ö","ſ 縦 մ  ϰ, ȭ  ٶ",𷡽ð #D4AF37,"  ſ , ׸ ̷ ϴ ð ","ð մ , õ"," ,       Ѻ  õ񡯰  ־. õ ձ۰ ε巯   ȸ  ־, տ  𷡽ð踦  ٳ.  𷡽ð ð 带  ȭ ¦̴   ź   ־.

ó õ   , ̰     ̾.  ð 带  θ ۰, ǹ , ȭ  . õ ó  ȭ , ð 鼭   ġ ϰ Ǿ.

 , õ ڽ 𷡽ð踦  ޵ ɾ.   ̾ ̰  ¦̴  ǹ Ȱ  ߴ. ȣ ö ƴٴϸ ڿ ð ϴ  ־. 깮ȭȸ    ο ȭ  ־.

õ ޾Ҵ. ȭ  ƴ϶ ο  ̶ . ׷ õ õ 𷡽ð踦    ȭ Ѻ ִ. ׸ 鿡 ӻδ. ""ȭ η ʾ. ο   ž!""",
,ر,,ش  ʾ! ο ٴٸ   ž!,", ٴ, ,  Һ","ٴٸ ϰ,    ", ħ #C4A484,"  ٴٿ  Ѻ,  ϴ  "," ٴ   ظ Ѻ , ر","ٶ  , ĵ ⷷ     ر񡯴 ٴٸ ٶ󺻴.
   ɱ?    ư ɱ?

ر    ̿   ÷ ȭϴ   ѺҴ.  ε   뵿ڵ, ׸ ̷ ػ ׵ ް  ϸ, õ ٴ  Ѵ.

 ,   ڰ ҿ ο  踦 ϰ ־. ״ 踦  ٴٸ Žϰ ;,    ̰ ־. ׶, ر    Ÿ ӻ迴.

"" !    ̾. ٴٴ  ο   ž.""

  ⸦  ڴ ᱹ   ϼ߰,      ٴٸ ϸ ο 縦  .   幵ϰ ٶ󺸴 ر ̼Ҹ  ٽ ٴٸ ѺҴ.",
ϱ,θ,,ܴ ö ڿ Ϻξ.  Բ    !,"θ, غ, 꿡 ö ġ","ö ٷ  ϰ, ģϰ ",Ҳ ִ (),ö ɷ  ¾ ڿ Ű    ,ö ڿ ϴ  θ," ϱ õ ö忡 ¾ θ ö ٷ Ư ɷ  񿹿.   ̿ Բ ڶ ܴ ö   ڿ . θ  ö ġų ο      ߾. ׷ θ ɻ ö ӹ ʾҾ. ״ ö ¾  ü, ڿ ߴϴ. ƴ   ȭ ֻ غ ã ٶ 뷡 , ׿  ģ ٸ  ð . ״ ڿ ȭ  ΰ߾. ؾȰ   ų,    ̸   ⵵ ߾.
 , θ ؾȰ  ִ ̸ ߰߾. ̴ Ź  Ʒ ƴ    ϰ ִٰ . θ Ȱ¦  ߾. "" !  ٰ!"" θ Ҳ ִ   ¦̴   Ÿ! ׸  Ź ־ϴ. !  ! п     ־!""
θ õ ö ٷ  , ٴٿ  Ű   ϱ  ϰ ־.  ӿ  ̷  մϴ. ""ܴ ö ڿ Ϻ.  Բ    !",
ֱ,,,    ð  !," , Ұ, ̳","ȣ ϸ, 鿡 Ƹٿ  ִ  ", и, ص̸ Ű     ϴ ,"ð ¦ Ͽ     ֵ  , ","ֱ  ؾȰ  Ư   ־.  ذ ߱ ,  ӿ ¦̴  и並 ԰ ٴٶ Ÿ ٳ. ״  ð  ¦ ٲ  ִ ɷ  ־. ׷ ̵ ٰ ð ʹ    ְų, ħ ذ   ʰ ߰  ǰ      ְ ְ ߴϴ.
Ư   ɷ ϴ ð ذ  Դϴ.  ص̸   鿡Դ ٶ ð  ϰ ϴ  ؼ, ΰ Ƹٿ    ֵ ߾. ״ ذ ߴ   ϰ, ڿ  Ƹٿ 鿡 ִ  .       ִ  ־, ص̸       ʾҾ. ""Ƹٿ ð  ¥!"",  ڿ ð    ֵ Դϴ.",
걤,,,ٴٴ 츮  ̾!," ǥ Ưǰ ,  Բϴ ٴ ,   ",ϰ 밨ϸ ӷ  ٴٿ ڿ Ƴ ȣ, Ȱ,ؾ ¼ ٴ ȣ ," Բ  չٴٸ ȣϴ , ","  ٴ尡 ػ깰 ô ϴ   ־. ߿ ٴ    ų  ã ġ ߴϴ.
 ,    ڱ ġ ż ĵ ۾ ٴٿ  Ҿ. ׶, Ŀٶ    Ÿ   ־.

        ϱ ߾. ׸Ͽ  񡯶 ̸ ٿ,     ʱ   Ƹٿ  ׸ ׷Ⱦ.  ׸ ʳ  ϰȭ   ̵鿡    Ǿϴ.  ڷ   ģ Բ ٴٿ   ְ,    ȳϸ  ȣڷ Ȱ߾. ΰ ׸ ϸ ٴ尡   ȭӰ ϴ.

׷ ð   ÷ ϸ鼭 ؾ ۵,     ߾. ̸ Ÿ    ,  ִ  ģ  ȸǸ ߾. ,  ߽   չٴٿ ߴϴ.   Ͽ   ֵѷ Ŀٶ ĵ . ĵ ΰ   ư  ĵ ȿ  . ĵ     ݼϱ ߾. ׸Ͽ 氢      Բ ؾ   ذ ؼ ϰ ִϴ.",
,ű,," ó, ƶ!"," Ż,  ǥ   Ư ",峭  밨ϸ    ȣ,"ű Ӹ,  ܸ ","   ɹ, Ż  ",׽  Ż ѿ ű,"ű   Ż  Ű    ƿ 񿴽ϴ. Ѷ   ſ Բ ϴ   ɲ۵ ̾,    ̾ϴ. ű ׷ ɲ۵ Ͽ Ż    ۾. ׷  , ȭ  ġ鼭 ڿ     ־ϴ. Żɲ۵鵵  . ׶ ű  Ű   ߽ϴ. ű   Żɰ  ȸ   ִ  س. װ Ÿ ̿ ùε ִ Դϴ.  ƿ  ùε Ҿ ǵ Ű ãƼ ִ  ű ùε ־. п Ż ǳ  Ƽ ׽ η꿡   ־ϴ.  ű  ϴ Ӱ ,   ڿ Ű ̷  ӹ ð ֽϴ. Ż ̾  ̾߱   밡 Ƹ 췯  ǵ ̲ϴ.",
߱,,,  ̾!,", Ѹ, ȿȭ, ҷ",źӰ 峭 ,, 湮 ̵  Ʒ ȣ ,"  Ű źο , "," 꿡      ־.   򰡿 û   , ƹ ã  ٴ ̾߱⿹.  ô    ã ž,   ġ  ߾.   ٷ  ȣ ,   Ű ֱ ̶ϴ.   θ 鿡Դ   ߰, ڿ ϴ 鿡Դ  ܼ . ״   Ӱ پٴϸ  ,  Ҿ.
 ,    Ŵ  ̰  Ұ  ־.     ˾ƺ, ٶ Ÿ ε巯 ӻ ߾. ""ڿ Ͼ .   ǰ ž."" ,  鸮   Ҿ   ־. ̴     ־ϴ.
   鿡  峭ٷ⿴.  Ϸ   ߸ ϸ, ״ Ȱ ǿ  Ұ ,   ɷ Ѿ ߾. ׷ ״  ǵ 峭 ģ  ƴϾ. ""¥    Ƴ ̾!""  ݵ  Ű  ڿ   ٶ ־.     ¦̴   ̸  , Ȱ Ǿ⵵ ؿ. ׸ ӿ  Ҹ 鸰ٸ, ¼ װ  ڿ ϴ 鿡   ϴ  .",
,ѹ,,"  ٱ? ƴ, 峭ġ° Ƴ!","ѹ, õ, , ۱","Ȱ ̸, 峭  åӰ ",ٶ Ӹ ޸   ,"õ  Բ ߰,  ̾߱⸦ ۶߸ ","ڿ , ȭ ִ̾ ٸ  , ѹ","  ѹ硯,  ̶ ҷȾ. ׸ ̰ ڿ , ȭ ִ̾  ѹ  ִϴ.
ѹ ҿ   ޶. ѹ  θ, õ ó ¦̸ 帣. 翡 ȭ  , ۱  ׳ ް Ÿ.  , ѹ  õ, õ  .  ߰, ۱ ߿ ҽ . ѹ Ǿ. ""ѹ  Ұ ־!   !""
   鿡 ⸦ Ҿְ, õ   Ƣ  ϰ . 翡   쿡 ӻ迴. "" !   ž!""      ⸦ ƾ.  ۱  ҽ ٶ Ǿ ٽ ã־ϴ.
׳ , ѹ  Ǫ, õ ,  ۱ Ȱ ߾. ׸  ѹ  ٶ Ұ  ¦̸ ؿ. ""ѹ ٳబ !""",
,ر,,"ο  ׻  ̴ϱ, ŵ   ־!","ֽ ,  ̵, ο ÷ ,  ð",   ο  ̾   ,  º,  ̲ ̷ ȳ ,"̷   , ر"," , ̰ ѹα а  ߽, Ư KAIST   ߰ Ӿ ̷ Դϴ.  ڵ ο  ϸ, ο ̵ ã  ϷϷ   ϰ ֽϴ. ׵  ġ  , ׵ 翡 ׻ Ư  ־ϴ.

  ̸ ٷ ر! ر  ο  ̵   , ڵ鿡  ϵ ְ ִ 翴ϴ.  ϰ,    ر Ÿ ""ο  ,   ӿ ¥ Ǹ    ־!"" ڵ ݷ߽ϴ.

 ,   迡 ϸ ũ  , ر   º  ο ̵ ذå ߽ϴ. ر  п ڴ ٽ    ̾, ᱹ ߿ ߰ ̷½ϴ.

׷ ڵ ر  ޾   Ǹ  Ǿ,   а   ߽ ڸ   ־ϴ. ر ڵ ڽ  ã ,   ̷  Ӿ   ֵ   ̾ϴ",
,̳ر,, ذ â ٿ ؿ.  ȿ ׻ ذå  ִϴ!,"谡 ¹ Ҹ, Ʈγ, Ȱ ,   ǰ ",â̰   ذ, ǰ Ȥ г Ȥ ġ ,   ϴ ذ ,"  ̲ , ̳ر","     ߽, , , IT  پ  о߿ Ȱϴ ڵ  ֽϴ.  ڵ  ο  ϰ,   Ȱ  ǰ ý ϴ. ׷    ź ʽϴ. ڵ   ̳     ޱ⵵ մϴ.

̶ ϴ  ٷ ̳رԴϴ. ̳ر ڵ ´ڶ߸  ذϴ   ִ Ư ,    Ҹ ߽ Ȱմϴ. ״  ݼó ¦̴   ,  ó ϰ Դϴ. ̳ر ڵ  Ȳ ó  Ÿ ׵鿡 ο ذå ϰ, â ̵   ذϰ ݴϴ.

 ,   ڰ      ذ ϰ ־ϴ. ׶ ̳ر Ÿ ""    ־. ߿  â ̿!"" ׿ ο  ߽ϴ.  п ڴ  ذϰ ۾ ϼ  ־ϴ.

̳ر  ڵ鿡  Ű ϴ ڼ Ҿ,   ҿ  ؼ ϰ ֽϴ. ̳ر     ǥϴ μ, 鿡 ū  ְ ֽϴ.",
,Ƣұ,,  Դ°ž!,"ƢҺ, , ѹ,  ",      Բ ⸦ ,Ͼ 丮 ,      ۶߷ 鿡  ϴ ,"ƢҺθ  ϸ,    ִ , Ƣұ","Ƣұ  ɴ ó ִ ,  ʹ ϴ ϴ. ״´   Ű ٴϸ   Դϴ.  ߿ Ư ƢҺθ  ,  ׸ Ƣұ θ. Ƣұ ִ  ΰ   ֵ,  ȿ    Ǯ ְ       ָ ۶߷  ̰  Ư ɷ .
 ,    ߽ϴ. ׷  Ϸ յΰ ڱ    ȿ   ʴ  .  , Ƣұ  Ÿ ȿ  ǵ ְ,     Ѻ Խϴ. ׸     Ӱ ۶߷   ߽ϴ.    п  ִ    ־,  ū  ŵξϴ. 
Ƣұ õ   ֽϴ. ״     ƴٴϸ, װ      ڰ .",
߱,ױ,,ǹ   ֵ  ٰ!,"ٴ ๰ , ̳Ÿ ¥  ߰", ϰ  ,󱼿  â ̰ ,"ǹ ӻ , ׵  ġϴ  ","
 ǹ ӿ   ,   ġִ , ױ","ױ      ǹ ӿ   Ư 񿹿. ״ ǹ      ִٴ ź ɷ ֽϴ. ױ  鿡 Ű ʰ   ִٰ,  Ǹ Ȧ  ǹ ƴٴϸ ׵ ̾߱⸦ ϴ.
 , ױ   ǹ  ϳ ɰ ӻ . "",  ⼭ ʹ ġ  ,   ־.    ?"" ױ  Ҹ   ݻ ٰ ߾. "" ,  ٰ.""
 â     ¦ ̸, ӻ迴. ""    ž.""     ư,   ̻  ʰ Ǿ. ǹ ױ񿡰   ϸ  ǥ߾. ױ   ߴ. ""ǹ   .""
 ױ ɷ¿ Ѱ谡 ־. ʹ  ġ ǹ  ε  ĥ  ϴ. ׷ ױ ǹ  Ű, ׵    ֵ ּ  ϴ. ״  ٸ ǹ ̾߱⸦ , ׵ ʿ     غ ϰ ִϴ.",
,ٸ,," ñ⵵ , ݵ    ִٳ.","åŸ  å, ɰ 丮",ϰ ϸ  ,β Ȱ  å,å ã  ϴ ,å ε  ġ ٸ,"ٸ õ  ٸ Ÿ  ֺ  Ű Ư Դϴ.   ܼ Ÿ Ű  ƴ϶,  Ϻ з ̰  ε  ʵ  Ҿ־ִ ߿  ߽ϴ. ٸ Ÿ å Ÿ ְ, װ ٸ Ư å ã ߽ϴ.  å ٷ ó  ġϰ, ο  ִ ̾߱  ־ϴ. װ å оָ,  󱼿 ̼Ұ Ǿ,  ñ⸦ Բ غ  ִٴ  ϴ. ٸ  ٸ  ɰ Ű, װ  鿡    Ÿ  , ׷κ  Ѵٰ ߽ϴ.        , װ ִ ̾߱ ׵鿡 ū ΰ Ǿϴ.  ع ݱ ٸ   ¡ó,   ̾߱ϰ   ִ Դϴ.",
Ȧ,б,, ̾߱⸦   ! 츮  ̾!,"  , å, Ȧ  ػ깰 丮",翡    ̾߱ , å  η縶,л 縦 ϴ ̾߱ ,"л ǰ  ġ θ ˸ , б"," Ȧ̶ ̸  ڰ    ,  縦  ̾. л   ߽,  ʱ     ߴϴ. ݵ л꼺    ־.

Ȧ б񡯰 Ҿ. б  ô л Ű 鿡  ġ ˷ִ . ״ 㸶 л꼺 õȣ û ͸ ƴٴϸ ̾߱⸦ ִ  ߾. ׸ 鿡    ˷ַ  .

 , б 쿬 л 󿡼   Ҹ . װ     ־. ״ ٷ 񡯿.        ̰  Ǿ, ƹ   ̾߱⸦  ʴ   ϰ ־.

б  ޷ ߾. "" !  鿡  ڿ Ȧ ̾߱⸦ ٰ! 츮    ʾ!""

׳  б  Բ л ƴٴϸ  ޼ӿ  ̾߱⸦ ӻ迴. űϰԵ,   л  ã   . ""̰ 츮  Ѹ  ִ!""  翡   ߴϴ.

׷ б  Ȧ  ȭ Ű, 鿡 ſ 簡 ϴ Ȧ ġ ˸  ϰ Ǿ.",
,,,̰ ˸ ̷ ~?,"۵ Ʈũ, GŸ ",ȣ  ο  ϴ ,Ȧα׷ ġ (   Ȧα׷ ),Ȧα׷ ӿ ¦̴  ,"Ϳ    Žϴ , ","õ  Ư   ־. ̸ 񿹿. ٸ  ޸,    ճ Ȧα׷  ɷ .
  ۵ð ϸ鼭 ¾ 񿹿. ̰    Ʈ , ۷ι ȭ  ޾  ͸ ٷ ɷ  Ǿ. ư  ȭϴ , ¦̴  ׿» ӿ   ̷ ٺ  ִ  . 鿡 ʿ  ְų,   ̵鿡 Ȧα׷  ֱ⵵ ؿ.
 , ۵ Ʈũ  ̰  Ҿ.  ճ  Ƣ ߿ ¦̴ ȭǥ . ̴      ãҾ.   峭 ؿ.  ,  Ʈ  Ȱ  , ڱ ȭ ̸   ־!  Ÿ.  ¦   ѷ,   .
   ƴٴϸ  帧 ǰ ־.     ¦̴  ̸, ¼  ο  ã ִ  ! ׷   Ȯ ,   帧  Ѻ,    ̷ ޲  ֵ   ſ.",
,,,"? ƴϰŵ! ҷ ,    ̾!","ҷ, ҷ°, ",Ȱϰ Ӽ ,ʷ Ȱ ķ(̿  ),ٴ ģ 踦 ÿ ϴ ź ,"ױ  ѳ,  帧 ϴ , ","õ   Ư   ־.  ҷ ٴ ģ ȭ  ɷ . п  з ̾߱⸦ , ׳ 忡  ػ깰  ö ̸   ־. ׷   θ  ڲ ؼ !  ؿ.   ٴ  ʹ  Ծ  ձ۵ձϰ ξȰŵ!    ϸ ؿ. ""ƴ϶!  ̸ ҷ (),  ()  ϱ!""
 , ҷ ߾.   , 鵵 ãƿ ʾҾ.  ҷ ٶ   ⸦  ٴ幰 Ҿ־. ׷   پ,  ٽ Ȱ⸦ ãҾ!   ٴٻӸ ƴ϶   ȭ  ־!  ,  谡 ڱ ߾ ,  ¦ ӻ迴. "",   ž?"" ׷ 谡 ȴ ٽ !  ¦  ߾. ""̰    ƴϾ?""
 ҷ  ִ̾ 񿹿. ٴ ģ ȭϸ,  ε ⵵ ϰ,   ģ Ǿ   ʵ .   ʹ  ٴұݰ ö Ծ  ؿ. ׷  ڲ "" !"" θ,   ̷ Ŀ. ""ƴ϶ !  ̸ ҷ ,    ϱ!""      ٶ. ٴٶ δ ̸,     Ȱϱ. ¼  ¦ ٳణ  !",
,Ҵб,,ε~ε~  Ÿ   ſ!,"  ,   , , ׸ Ŭ Ư .  ڽ  ִ 뷡 ֺε Բ °    ","Ȱ  ġ,  . ֺ   Ǿ ׵ ʿ ϴ  ִ   ",(ǥ) ġ Ȥ ֺ ƴٴ,ٴ ģ 踦 ÿ ϴ ź ," ĵ Ÿ   , Ҵб",",  ֽĽƼ  ,   ϴ. ̰ ̱ , Ŭ  Ȱ Ǹ  ̵ ǿ . ٷ װ Ҵб ź  Ÿϴ.

Ҵб    ,   ︮  Ÿ  ⸦ ٲϴ.  ֽĽƼ    , Ҵб ׵  ӿ ſ ູ Ҿ־.   ,   ų ε, Ŭ Ƹٿ   ǿ     ¦̸,    뿡   ߰ ߽ϴ.

Ҵб ܼ  ϴ  ƴϾ. ״  ǰ Բ ϴ  Ѻ, 鿡   ߴϴ.  Ҹ ſ ߰ ӿ Ҵб ׵  ,  ູϰ ־.

 ֽĽƼ  ݰ ̱ ü 鼭, Ҵб   ϴ. ׷ 򿡴   ϴ  Ұ, Ҵб     ϴ.

ó    ÷, Ҵб װ   鿡 ູ ϰ ֽϴ.",
籸,ƶ,,   ƶ ųԿ!,ƶ ֺ Ƹٿ ڿ   ̵,"åӰ ϰ, 鿡 ٰ  ׻ ϴ  ",   ġ,鿡   ϴ ƶ ȣ,"ο ƶ ȣϸ 鿡  ϴ ڿ ȣ, ƶ","õ ΰ ǰ, ƶ Ѷ ڶ    ߽ϴ. ƶ ó  ȭ  ޾Ƶ̱ , ڽ   Ŀ ӻ.  ð 鼭 ƶ ο ȯ濡 ɼ ߰ϱ ߽ϴ. ٷ ƶ ǰ ο    ִ  鼭, ƶ    Դϴ.

ƶ   ƴ϶,      ִ Ƹٿ  ŵ쳪 ־ϴ.  Ÿ Ÿ, å ϸ ο ð , ڿ Բ ȣϸ װ ο  Ȱ  ־ϴ. ƶ   Ѻ鼭 ϰ Ǿ. ""̰   ູϰ ư  ̾.    Ѿ߰ھ.""

׸Ͽ ƶ ƶ ȣڰ Ǳ ߽ϴ. ƶ   , 帣  ϰ   ֵ ǰ,  ϰ ޽   ֵ ׵  Ű  ϰ  Դϴ. ״ ƶ Ű źο , 鿡 ڿ ȭ ˸ ׵  ϰ ̰    ֵ ־ϴ.

""    .  ׵    ų ž."" ƶ  ƶ ܼ ΰ ƴ,  ູ   ִ Ư ҷμ ϰ  Ǿϴ. װ ȣϴ ƶ    帣  ƴ,  ް  ڶ ҷ ϰ Ǿ, ƶ  ӿ ο     , ϸ   Ű ־ϴ.",
,,,  ǰ   ž," , ƶŸ, ī ",ȭϰ ε巯 ,  (   ),ذ     鿡 ԰ ȭ  ,"    ԰ ȭ   ִ , ","ƶ ذ   ذ Ѿ,  Ÿϴ. ذ    巯 ״   Ƹٿ Ű,     մϴ. ܼ    ƴ϶,      ԰ ȭ Ҿִ   Բ  .
 , ٴٸ Ϸ   ҳడ  ߰ϰ ñϸ ϴ.  Ƹٿ     ֳ?  ̼  ߾.      Ը δܴ.   ״  . ҳ    ޾ ɽ   ưϴ. ׳ , ҳ  ȿ ִ     ϸ,  ӿ ȭ  ϴ.      ϳ  ̾.
 ķ   ,  ٴ尡   ,  ʿ 鿡 ݾ  ׵   ±⸦ Ҿְ ֽϴ.",
ȭ,ε,,  ȭ  Ų!,"   Ž, λ︷ɸ, ġ",ϰ Ƿο ,ε  ż Į,ε     Ű  ,ε ¾ ż   Į ȭ Ű ȣ ε,", ȭ   ε   ־ϴ. ε ε  ż   Į , ε Ű ܺ ħ԰  κ  ȣϰ ־ϴ
׷  ,   ұ   ٴ尡 ̻ ׸ڵ ٰԽϴ.   η, ε  ε ޷ Į ½ϴ.  ׸ڵ ſ ȭ ħ ϻҴ Ƿɵ̾, Į ε ż  ޾ ϰ  ϸ   ٰ ׸ڵ ƽϴ. װ  ٽ ȭ ãƿԽϴ.
 ε Ȱ ⿪ϸ, ȭ    ϰ  ȿ    ֱ ߽ϴ. ķε ε ȭο   ü ϸ  ູ  ߽ϴ. ",
,ɱ,, ٴٸ Ű ؼ   ؾ !," , ٴٶ ±,   踦 , 5 ٸ  ","ٴٸ Ű ȣ, ȭ ܷ ", ϰ ع θ ԼҶ,5    ģ  ,"5  , ɱ"," ,  5    Ű   ־.   ︮   پ .     ڽ  ϴ  ʹ Ǵ  ٸ  ũ ɰ ʾҰ   ģ ʾ.

׷  , ɵ չٴٿ  Ÿ.  Ŵ ̻ 踦 ϸ ε η ߷Ⱦ. ɵ , ɱ񡯴 ع ҷ  ȣϷ  Դ  ʾҾ.

ɱ ڽ  Ҷ Ҿ  5 ٸ 鿡  û߾.   , û û, û û,  񡯰 ɵ 𿩵.   ڽ   ︮ Ư ɷ  ־.  ż ٴٶ   þ߸ 帮 ߰, û 𷡹ٶ    ߾. û ĵ ٷ  о°,   ݻϴ    ȥ .

    ư,  5 ٴٴ ٽ  ãҾ. ׳ ,  5    ġ  ,  ɱ ߽  Ͱ 5 Ű ߴϴ.",
õ,۷ι,," ȭ  ٸ    .  ϸ,    ž","ܱ ȭ  , پ  İ  ϴ , ̳Ÿ  « Դ ","ģϰ ϸ  , پ ȭ ϰ    ϴ "," ,  뿪å", ٸ ȭ ȭŰ ܱ ," õ ɸ´ ܱ , ۷ι","۷ι õ ױ ¾ Ư 񿴽ϴ. õ  پ ȭ   ̾.   , õ  ߿  Ǿ  ܱε  . ۷ι ٷ ̰ ¾, ٸ ȭ    ֵ   ߴϴ.

۷ι ֿ ӹ 뿪 ȭ ٸ  ϴ ̾.  ױ  ܱε̳ ε ֹε    ֵ Ծ.  ܱ     ϴ    , ۷ι Ͽ ׵  ѱ ְų,  ٸ ܱε 뿪־. ,   ȭ   ϰ   ֵ ϱ⵵ ߾.

  п õ   پ ȭ ϴ ÷ ߰,   ٸ  ȭ Ѿ ϳ ︱  ִ   Ǿϴ.",
,,,"  ̿䡦 , ƴ! 񿹿!",", б, ƽþƹȭ","ϰ  ,   ݾ", ̳ ڶ (   ɾ ̳ ٵ   ), б     ,"  ,   簨  , "," ֻ Ŵ  ¾ ,    Ű   ־.        ,  ž      ְ .   ɹ޴  ݾؼ,  ڽ  ó  Ⱦ.
 , б   硯  ٴ ҽ .  ñ   б .  տ л ž ״  ϰ ־.  ؼ ž . ""ڲ ס""   Ѻٰ    о ־. ׷ ž ܴ  ־! л ¦   ѷ,  ̹ ó ũ ־.
׳ ,   鷶. ׷    ϴ    . ""Ȥ װ 꿡  ?""  ¦   , ݾ ġ  !  ׷    ߾. ""׷, β ׳  ư .   б  ַ!"" 
  ɹ޴  . ׷  б ž  ,  տ  ϳ ߶Ծ , ƹ 𸣰 װ ¦    ִٰ ؿ. л  ӻ迩. ""̰š    ƴұ?"" ׶, ָ 꿡   Ҹ Ծ. ¼  ݰ   ư ִ  . ",
,,, ȭ    Ͱ ܴ.,", â乮ȭ, , ",  ȭ ⸦ ,¦  η縶,"й  ϸ, å а ϴ "," ¾ й ϴ , ","  㸶 å ѱ Ҹ Ⱦ. ׷ ƹ . ""̻ϴ? ٶ  δµ  å Ѿ?""
 װ й ϴ ,  ־. ״ ܼ å д Ϳ ġ ʰ, ڽ     ߾.
 , â乮ȭ  л θ ϰ ־. ׷     ڱ پ  ߾!
""  ̷ Ǯ Ѵܴ!   ~"" л ó ű, ð  ĹȾ. "" ݸ   ɱ?""
׷   ¦̸ ߴ. "" ! й  ! ׷ϱ  κе  ٰ!"" л ᱹ 񿡰Լ ġ  .
 ƽ   ϸ å ٽ ƾ. "",      ־µ""
׳ ,  â乮ȭ  å  ,  ۾  ִ 찡 .  ߾.
""Ȥ  й  ַ  ɱ?""",
,,,ġ  ־ !," ġ  ǳ, 嵶뿡 ; ġ Ҹ , ġ   ","ȣ  ϸ,   ϰ   ",  ( ),"ġ  źο  ,   ȣ ","   ǳ̸ ϴ , ","         ־. ġ    ʴ ձ     ٴ ̾߱⿴.  ƹ  縦   .  ΰ ٷ .

  ġ   ִ  ĥ   ãƴٴϴ 񿴴. ״   ùٸ ǵ   ηȴ. ʹ ϸ 嵶 ¦  µ ߰, ʹ ϸ   ٶ ״.  ġ  ǱۻǱۡ  ö ~  ߵǰ ֱ! ϸ 幵ߴ.

׷  ,   ġ ߸ ϴ ٶ  ⿡ óߴ.   Ǿ ѹ߿ 嵶븦  µ ߰,  ϴ   ηȴ.   ,   ġ  źߴ. ̰   ̾!   ߾!  ̷  ;?"" ׷ ȭ ġ     ̶ θ Ǿ,  ׳  ̼Ҹ  .",
ϱ,,,  ̴ ̾!," ,  ̼,    ǰ","ҽ ̳,  õ Ͽ̸  ǳϸ â ̵ Ӿ ø   ",ȷƮ (#00BFFF),"׸ Ǳ   ϴ, âǷ ġ "," ϴ , ",",  ϱ ߿ܰ   ҽ   ,   ־. ״  ȿ  ǰ  ϸ ð °, ֺ 鿡 ڽ 巯  η ׻  ´.     ""   ,  ʹ""  ǰ ־. ׷  , ū ⸦  ߿ܰ  ߴ.

 ù °    ̾.      , پ   ǰ ϸ  η ǰ   ߴ.   ȭ źϸ   ڽŰ  Ǿ.

״  ٸ   ø̼ ߴ. ⿡   ̼ ǰ տ  ɾ, ׸  Ƹ ϵ ߴ.   ձ ǰ ̸  ߴ.

,   񿣳 湮ߴ.  ̰  پ ¸ ,  ȿ    Ӱ ƴ. 񿣳 ǰ  ձ  ο  ,     ſ .

  ڽ  ʰ,  ϴ μ ڽŰ ,      ϰ Ǿ.",
걸,,,ִ  ! ų  ڴ°!,"  ԰Ÿ, ۻ, ȣ",ȭ η ʴ  .  ︮  , , Ű 鿡  ϴ Ϳ ,"鿡  ϸ,    ⿡  ","1913,   ó Ǿ ,       ¾ϴ.  ̸ .       Ű Ŵ̿.   ȣ! ٵ ູ  ϰ  ž!    ƴٴϸ   ð ߴµ, װ  ϴ ̾ϴ.
ð 귯 2004, KTX    ο ȭ ߽ ˴ϴ.    縦 ãƿ, ȭ   ȥ  ̾ϴ. ׶  ӿ   Բ ȭ ηϴ   ԰ ڶ Ƿ Ÿ ð ϴ, ð ߰  ,   ħ ϴ. ""ū̾! ð ٽ 帣 ؾ !""
  ϰ ִ  踦 ½ϴ.      Ư ̾. 迡  Ȳݺ Ƿ ư,  ð ٽ ̱ ߽ϴ.   ޸,    Ȱ⸦ ãҽϴ.
׳ ķε  ؼ  ϴ븦 Ű, 鿡   ְ ֽϴ. Ư      ,   ִ   !",
ֱ,,," ,  ݵ ƿ!","Ҹ,   , ֺ񿣳   ̴ ", ϴ   ,¦̴ 񳯰," ӿ  ã,  ٶ  Ҹ ǻ츮 "," ٶ   Ƴ  ϴ , "," ֿ     ٶ Ű  Ҿ. ̸ . ״  ӿ   Ҹ ,  ٶ ۶߸ ɷ ϴ.  ٶ ų   ٽ ,  Ҹ  .
 , ֿ ū    Ҹ Ⱦ.  ¦  """"̷ !   ߰ھ!"" ϰ ƾ. 
ָ ¦̴   ƾ.  ۴   ߴ  Բ ٶ ϱ ߾.  ٶ   Ҹ ǻ츮 . ""   ־! 츮 Ҹ ã!""
     ٶ ָ  ä, ߴ Ҹ ϳѾ  ߾.  ϴ  ,  ٽ ⸦   Ҿ.
  ̼Ҹ  ¦ ũ߾. "" ,   ƿ !""",
߱,û,,ſ 簡   Ƹٿ   ž,"뱸 10 ۸ο α,  ๰ ѱ  յ ","ϰ ȣ , ο ȭ   ϴ  ϴ ", ϰ ,뱸 ߱ ٴȭ Դ Ű ,"뱸 ٴȭ  , û","û 뱸 ߱  Ÿ  , 뱸 ٴȭ  Ѻ ߿ ιԴϴ. û  ȣ  ο   ߾. ׷ 뱸 ⸦ 鼭  ȭ    ȭ ߽ɿ   ϰ Դٰ ϴ. û û  µ, ̰  ܱ  õ ִ , پ ȭ   ִ ҿ. û ̰ ε ϸ     ־.

뱸 ߱ ٴȭ ߽ Ǳ  ľ ߴ   ȭ ӿ, û    ¡ϴ ٸ  ߾.  û  Ӱ      ־, ׿ Բ ٴȭ 帧 ޾Ƶ鿩 . ٴ밡  Ŀ û  ̾߱⸦ 鿡 ϸ ٴȭ ߿伺 ÿ ׷   ĵ ϰ ߾.

 ̾߱ ٴȭ ¡, ȭ  ߿伺 鿡 ϴ ߿ ̾߱  ɴϴ.",
,,,,,,,,,,
,,,   ūڴĥ  ˾!,", ޱ Ͱ ۷̵,  ","ټ ϰ ںν , ڱⰡ  ҿ ö",ٶ ():  󰡸    ֵ ٶ  , ΰ  ȯó   ִ ٶ ɷ  ,"ޱ ΰ ۷̵忡   Ҿִ , ","뱸  ų ޱ ΰ  ۷̵尡 .    Ź ϰ ̴     ־. ٷ,   ٶ ӿ  ,  ֱ ̿.
 ܼ ڿ ȣڰ ƴϾ. ״ ٶ ϴ ɷ , Ư ߰    , 鿡    ִٴ   ϴ 翴. ׷  , ۷̵尡  ,    ʰ . ""׳ ݾ,  ϰ ."" "" Ⱑ  ߿?""
 ̸  ȭ . ""̷ µ  Ѵٰ? ٶ   ۷̵  Ұ !""
 , ״ ٶ ż ҷ   ֳ .   ¦ . ""!   ! ̰ ¥ !""
  ű⼭  ʾҾ. ״ ٶ  ֵѷ    ҷԾ.  ,  տ  ΰ  ȯó .  ġ ð Ž ö ó   տ     .
۷̵尡  ,  ߾. ""̰ ܼ 簡 ƴϾ. 츮 ſ Ǵ ̾!""   ϸ, ¦ ̼Ҹ  ٶ  .  ĺ, ۷̵尡  ̸,    ֳٰ ؿ. װ ٷ,  򰡿 ٶ Ű ֱ  ſ. ",
,,," Բ ɾƼ  °, °, ƺ!"," â, ջ īŸ ",ϰ ο , 漮(ƹ      ڸ ),â  ۶߷  â ̰  ,"ɾƼ ,   , ",", 뱸   뱸   ջ Ա ϻ() ϴ ¥⸦ ؿ. ׸ ̰  ɾƼ  °,  °,    ߾. ׷  ̰ """" ҷ. װ   ϴ ,   ־.  õõ   ϴ 񿴾. "" ٻڰԸ ư  ƴϾ.  ɾƼ ִ ͵ ԰, !""
 , â  Կ մ .     ָ  ʾ Դ  . ̸    ٶ  â  ָ ۶߷Ⱦ.   ڸ ůůŸ Է !  â ʹ   մ   ¦   â Ȳݺ ͵ Ծ. մ   Դ ź. ""! ݱ  â  ְ!""
׳ ,  ߾. ""  ̸ â  ־  ?""    ְ ־ ſ! ׷ϱ? 뱸    ̸ Ϻη â ã Ѵϴ. ׶ â  ־ ̴ϱ!",
ϱ,Ȱ,,  Ȱ ãҳ?   ãҳ?   ãٰ!,"پ Ÿ Ȱ,  ڽſ  ´ Ȱ ã   "," ſ , Ȱ Ұϴ Ͽ ū  ",ܾȰ,"Ȱ ϰ, 鿡 ڽſ  ´ Ȱ Ұϴ  ","Ȱ Ұϴ  , Ȱ","뱸 ȰŸ Ư , Ȱ  ־. ״ Ȱ  ϴ ,  Ȱ氡Ը ƴٴϸ پ Ȱ ϴ  ϴ. Ȱ Ȱ ε,  ߿ ʾƿ. װ  ϴ   ڽſ  ´ Ȱ ã ̿. ׷ 鿡 ٰ ""  Ȱ ãҳ?   ãҳ?   ãٰ!"" ݰ λ縦 ؿ.

Ȱ ܼ Ȱ Ұϴ  ƴϿ. ״  ڽŰ ,   ڽſ ´ Ȱ ã  ֵ ִ  ؿ.    ޾   Ȱ ã, Ȱ 幵 ̼Ҹ    Ѻ. ׷ ȰŸ ׿ ſ Ư ̶ϴ. 鿡 Ȱ Ұְ, ׵  Ȱ ã  ູϴ Ȱ ڽ ϴ   ߿ ̶ .

 뱸 ȰŸ  , Ȱ . װ ſ   ︮ Ȱ ã ſ!",
,,,      ī!  ̶      !,"   ,  åο  ٳ ̵, ȱ ԰ŸŸ ִ ĵ",Ȱ åӰ Ѽ,, Ȱ Ű  ⸦ Ҿִ  ȣ,"   Ű  ȣ, "," ,    ,  ǰϰ ڶ Ȱ  ̷. ׷  ,   鿡 ū Ⱑ ãƿ.      Ұ,   ޸ . ׶   ,   ־ϴ.

  Ȱ ູ  Բ   翴.   ,    Ұ ϰ   Ҿ. ġ  ϳ ó,       õϴ.

׶,    ߾.    1927⿡  ,  ٽ 帣鼭  Ȱ⸦ ãҾ.  簡 ٽ ۵ǰ,  Ҹ  áϴ.

׸  ڽ  Բ ư Ѵٴ  ޾Ҿ.   ڽŵ ٽ  Ұ ٴ  ˰  ſ. ׷     ߾.

״  ֺ  ٰ,   带  ֵ Ű ϴ.   ڽŰ  ⸦ ִ ߿  ޾ұ ̿.    带 ,    ٵ   ߰ 뷡 θ, ູ ϴ.

  Բ   Ȱ⸦ Ű,   ڽŵ ٽ ٴ  ˰,  װ    ִϴ.",
޼,,,"޺ ߴ ̸,   ܴ","η å, ޼, 繮ȭü  ޼ ","ϰ   ,   Ű ӹ ϰ åӰ ϴ.",ʽ´  ű,"ô  Ű, ޺  ȣϴ ӹ ϴ "," ܿ ޺  Ű , ",", 뱸 ޼  ӿ    ־.   ߿ ӹ ޼ ô  Ű ̾ϴ.   , ޺    õ Լ̶    ư. װ   ޺ ȣϴ ӹ ð ־.    ܿ ϴÿ 縦 ´ٴ ȭ  ɴϴ.    ʵ    Ű ޺  ؾ ߾.
Ϸ      񿡰 . ,  ޺  㸶 ׻  Ű ִ ž?   ߾.   ޺ ߴ , ô ̾   ̾ Ű . ׷  ޼  ȭӵ  .
   ô      Ѿ ߴϴ. ޺ ߴ  ŭ   ٽ Ƴ ٶ. ׷ ޺  ȯϰ  ̸,   ӿ   Ű   ȭӰ   ֵ   ӹ ߴϴ.",
޼,񽽱,,ٶ 뷡 Ҹ ,"񽽻 ڿ, ǰ, 񽽻 ɹȭ , ޼"," ȣ  ,  ɾ ٶ Ҹ   ",̳  ɾδ  ݼ . ٶ    Ҹ  ߿ ȸ,"񽽻 Ű, źο ٶ Ҹ  ","ٶ 񽽻 Ű , 񽽱",", 񽽻   񽽱   ־. 񽽱 ٸ  ޸   ٶ Ҹ   ϴ 񿴾. ٶ  ֵ 带 , ġ źο  鸮 .
 , 񽽻  Ŵ    Ź Ҹ Ծ. 񽽱 ȣɿ ̲ װ ,   Ͼ   ż Ź ϰ ִ  Ҿ. ""ʴ ?"" ż ε巴 . "" 񽽻 Ű , 񽽱񿹿!"" 񽽱 ϰ ߾. ż ׷  ߾. ""̰  ż ܴ̾.  ̰ ٶ Ź Ҹ ٲپ ΰ鿡  ְ ."" 񽽱 ż ָ   ñ. ""   ?"" ż 񽽱 ٶ󺸴ٰ  . "". ʿ ٶ ٽ  ְڴ.    ȥ   ƴϴ.   Ű ڷμ, ٶ ĥ  ϰ, ٶ   ε巴 帣 ؾ Ѵ.""
׳ 񽽱 ż ħ ޾ ٶ ϴ ɷ  Ǿ.  ٶ Ҹ Ŵ ϱ   ε Ź Ҹ , ٶ ߸   ε巴 帣 . ׷ ݵ 񽽻꿡 ,      źο ٶ Ҹ   ֽϴ.. ̴ ¼ ż 񽽱 Բ  Ź Ҹ .",
,ﱹ,,   ̴,"ﱹ   ұ ȭ, ΰ ȭο ","ϰ źο , ﱹ  Ű    ",ﱹå  ,ﱹ縦 ϴ ̾߱ ,"츮   ߿ , ﱹ縦 ϰ ˸ , ﱹ","  ȭ ȣϴ , ﱹ. ״    ã  񿴽ϴ. ׷  ΰ翡 ﱹ縦 ϴ Ͽ   ǰ, ׿ ﱹ縦 θ ۶߷ ޶ ӹ ް Ǿ. ﱹ Ͽ Կ  ϻ   ̾߱⸦ ׸ó ϰ ϴ ɷ ϴ. 

 ﱹ  鿡 ܱ ȭ, ָ ȭ  ﱹ ߿ ̾߱⸦ ϸ  ȭ ȣϴ  ߾.  Թ ""   ̴"" ,   ̾߱⸦ ǻ 鿡  ִ 簡 Ǿ.

ﱹ õ 鿡 ﱹ ̾߱⸦ ϰ ϰ ֽϴ. ״ 縦  縦 ư 鿡  ְ, ̷   ϴ ߿  ϰ ֽϴ.",
뱸,ޱ,,̷ õ  ΰ   !,"α, â, 򰥺, ġ佺Ƽ",̽İ̸     ,丮 Ŀٶ ,뱸 Ŀ  丮  ,"뱸  ع , ޱ",", а ⸧ ߰  뱸 'ޱ'̶ ҷȾ.  ̰߰ ϸ, ܿ￡   ̰  п پ ᰡ ڶ󳪱⿡   ̾. ׷ ̰ ĵ  ־.

 ִ Ŀ   ־,  ̸ 'ޱ'.  ̿ ޱ 뱸  α,  â,  򰥺  ڷ ̰  ʾҾ. ""̷ õ  ΰ   !"" ޱ ᱹ 뱸 ɾ, ̰   ̾   ߴϴ.

ޱ     ε ,  ִ    ֵ  ־. ұó      ״  Ǹ  ѱ 丮 , մԵ鿡 ִ   ǳ  ̰ . ""    ̾߸ 鿡  ִ !"" ޱ  ̷ ϰ ߾.

뱸   ǳܿ ִ  ""Ȥ ޱ ٳణ ɱ?"" ϰ ϰ Ѵϴ. 뱸   Ȱ , װ ¼ ޱ  !",
߱,ʸ,,̰ ȭ  ȭ  ̾߱!,"BIFF , , 40,  å","  پ, ̸ ̾߱⸦ ִ  ", (⸦  ٳ༭ ϴ     ),ſ 縦 մ ̾߱ ," λ ũ ǻ츮 , ʸ","BIFF   ʸ ӿ ¾ ʸ ̾߱⸦ ϴ 񿹿. ״    ʸó   ִ ɷ  ־.
 ,  ҳ BIFF 忡 ʸ  ϳ ߰߾. ""̰ ?"" ҳ ʸ ٶ,   ֺ   λ  .
װ 1950, ǳε λ Դ  40.  ǳε  ,  񿡼    Դ  . ҳ ¦  ƾ. ""̰ԡ ΰ?"" 
׶, ʸ ȭó ϸ ߾. ""̰ װ  λ ̾߱.  ÿ  翬  ."" ʸ ճ ʸ   ٸ  . ̹ 1970,  ϸ  ڰġ ̴ . ε ̽  Ȱ, λ׿ ο  ϴ  . ҳ  ¦̸ ߾. ""   λ 翴!"" ʸ 峭  ʸ ٽ Ⱦ. ""׷,  ÿ   ̾߱Ⱑ  ־. ʵ  ٽ  .""
׷ ʸ λ Ÿ ָ,   縦  ʵ  ־. ¼,  BIFF   , 򰡿 ʸ  λ   ְ  .",
,ñ,,ٴ ģ  ٸ ְڴ°?,"۵ ñٸ, ۵ؼ, λ",źӰ 峭Ⱑ , ( Ǹ  Ǫ մ  ),   ε鿡  ִ ,"۵ ñٸ Ű ٴٿ ΰ ϴ , ñ","λ ۵ؼ ñٸ Ʒ  ٴӿ     ־.  , ̰ ٸ ٴ ð  ̾.  ΰ    ؾ鼭, ٸ   .  ̰ Ű  , ñ  ٴٸ ,  ٽ ð ΰ 谡   ٸ ־.
 , λ  ̾. ׷ ٴٿ    ʾ, ε ϰ ־. ""̷  ϸ ?"" ׶, ñ տ  ִ   ¦ .  ,   Ǫ ٴ , ָ    ߾! ""̰  ̾? ̷   ٴ!"" ε ¦ 鼭 ⻵߾. п  Ȳ   ־.
  ,  ̰ ۵ ñٸ ٴٸ ٶ󺸸 ҿ . ""    ;."" ñ ̼Ҹ , տ  ִ   .  , ٸ  źο Ǫ , ġ ٴ ȴ  ȯ . ""  ִ ɱ?"" ̴  ¦̸ . ñ 峭  ߾. ""  ƹ    !""
׷, ñ ۵ ٴٿ ٸ Ű,  ٴٸ ϵ  ־. ¼,  ۵ؼ忡 ¦̴  ĵ ٸ, ñ    غ ϰ ִ  ! ",
,̹ٱ,,߾ ̹ٱ ϳ  ֱ?," ̾߱, λ  Ҹ,   ߼Ҹ, ʷ  ",˻  ̾߱    ,å,̹ٱ濡   ̾߱⸦ Ű ,"λ ̾߱⸦ Ű Ͽ, ̹ٱ",", λ  ̹ٱ濡  ̾߱ Ű  Ҿ.  ̸ ̹ٱ. λ꿪 ۵Ǵ     ڱ    ִ ̾.

̹ٱ濡 ĸ ܰ   ̾ ־.  ǳε    ö    Ҿ. ε λ׿ 踦 Ÿ ,     Ⱥθ ,  Ÿ  ڵ     λ  Ҿ.

̹ٱ   ȴ  ̾߱⸦ ,  ʵ ߾.      ִ±? ñϴ ̵,        ? ߰ ű ŵ. ̹ٱ  ̾߱⸦  ǰ.

׷  ,  ҳ ̹ٱ   . ""̰, ٸ!    ö󰡾 ǳ?"" ׶ ̹ٱ Ÿ ߾. "" 濡    ̾߱ ٲϰ ִ ̰.  ö , ϸ ̹ٱ  !""

ҳ ٽ   𵱾.  ö ⿡  , ״ λװ ٴٰ Ѵ  ǳ  . "";!  ̷ 򳪰 ̴ ̾!""

̹ٱ ̼  ӻ迴. ""׷ ´! ̹ٱ   ʰ  ̾ .   ɾ  ̾߱Ⱑ  ׷ߵ,  ̾߱⵵ ⿡  !""

׳ , ̹ٱ   ġ  ó    ߾.     ̾߱Ⱑ 帣 ְ, ̹ٱ õ   ̾߱  ִϴ.
",
,,, ٴ ̾߱Ⱑ 鸰.  Ҹ ӿ  ƿ  Ⱑ ִ̰.,"踦 ġ  Ҹ, λ ٴ Ҹ,  , 콼 ö",ϰ ε巴  ,ġ,"  ̾߱⸦ Ҹ Ƴ,   ȣ ","  Ҹ Ű , ̱"," λ  ̸ ٴ Ҹ ϴ  Ҿ.  ̸ ̱.    踦 ġ   .  Ҹ  ︮   ӿ .  Ҹ ׸ŭ   Ҿ.

̱   Ҹ  ߾. 踦 ġ  ҵҵ Ҹ, 谡    Ҹ, ׸    λϸ  ̾߱Ⱑ ̱񿡰Դ ߿ ̾.

 ,   ̸  .  ̸ ò ?
̱  ߾.  ٴ ̾߱Ⱑ 鸰.  Ҹ ӿ  ƿ  Ⱑ ִ̰.

 Ҹ   , ̱ ׸  ߴ. ϵ   ̾߱⸦ ã.

     鼭 ӿ ٴ Ҹ Բ .  Ҹ  Ŀ ؼ   ư  ̾߱ , ̸  ӿ ϴ.

ó ̸  ٴٿ  ̾߱Ⱑ Ϳ.  Ҹ ӿ ̱ ̾߱⵵     ִϴ.",
λ,,, ȥڿ ܷ ʰ ٰ!," ϴ뿡 ϱ, īŸ, ,  и"," , ׻ 鿡 Ȱ ְ ",к ִ ,Ÿ Ȱ  ϰ ä ,"  ϸ   Ÿ ä , ","λ ȭ  ϴ,  ̴ Ÿ    ֽϴ.   ϴ  Ÿ 鿡 Ȱ Ҿְ, ſ ð   ֵ  Ư Դϴ.
  Ϻο    ־, ð 帣鼭 װ  ܷӰ .  "" ϸ  鵵 ϰ  ġ    ?"" ϰ  ߴϴ.
 ,  θ ʰԱ Ϸ  ȥ ִ  ̸ .  ܷοϴ ̿ ٰ ""ȥ ־   .   ģ Ǿٰ."" ϸ   Ҿ־. п ̴   ſ ð   ְ Ǿϴ.
    鿡   Ҿֱ ߾. ̰ ο  , ϰ ģ  ä,  ߰ ҷ׽ϴ. õ   Ÿ Ȱ ,    ̾߱    ֵ  ֽϴ.",
,õ,,ϸ  !," ̾߱ , , õ, ݰ","ϰ  ϴ ,    ",ڷ,"̵鿡   ȭ ϰ,  ϴ ","ȭ  ϸ, ̵鿡 縦 ϴ , õ"," , λ  ִ õ б ó    ־.   ̸ õ. õ  ϰ   ߾. ״  ȭ , ֺ  ϰ ߴϴ.
 õ Ϸ簡  Ƹ õ ã ߾. õ    ׸,   ̾ŵ. õ   ϴ ҿ. ӿ ճ  ¸ ϴ ó   ̾ϴ.
̷ õ   , õ ̵ ޼   ߾. ޼ӿ ״ 2õ   Բ ̾߱⸦ ,    ־ϴ. ٻϰ   ̵鿡 ޼ӿ ִ   ־.
   縦  ִϴ. ⱳ   ߾. õ б     ־. õ ̷ ̵鿡    ȭ ϸ, ޼ӿ ׵ ̰ ־ϴ. ׸  ٻ  ̵鿡 ū  ־.",
,ط,,"    ɱ,   ɱ?"," Բ  , ٴٶ  ƴٴϱ",峭  йϸ ڿ ,£ Ǫ , Ƹٿ   Բ  ," Բ    , ط "," , ̰ 븶 絿ó ''̶ ̸   ̾.  ̾߱δ,    ,     ٰ̾ ؿ. ׸    ģ ģ ٷ ط񿴴ϴ.

ط ϴú  ٴ幰ó ¦̴   θ 񿴾. ״ λ  Ƹٿ ؾȰ Ӱ ƴٴϸ, ٴٸ   Բ 峭 ġ ߾. ̵ Բ پ  Ŀٶ ĵ Ϸ̰,  𿩳 źο   ٰ ؿ.

 , ط  λ չٴٿ ĵ Ÿ  ̸ ϰ ־. ط  Ҿ Ŵ ٶ Ͼ  հ,  ⻵ϸ ϴ  ھƿö.  , Ŵ   ӿ  ٴ  ھƿ ߾.  ¦    ٶ󺸾Ұ, ׶   '   '̶ ҷϴ. ׷ ؼ ̱ ż,   Ƹٿ ȯ .

ط ݵ λ  ٴٸ   Բ ٴٶ Ÿ ٰ ؿ. ׷ ̰ ٴٴ  źο  ,        ̷ ִϴ.",
ϱ,,,  ߵǴ? !," , Ϳ  ٶ󺸱",ν  ˳ϸ ۵   ,   ź ,κ  ͸   ȣ ,"λ ߽ 縦  , ","ó Ǫ     翡   翴.  λ  մ ߿  ߽,   Ȱ ̾.

 , ū   Ҿ 簡 ⿡ ó߾. ̶  Ÿ źο ̸  . ׷ ̰  ϸ  .  ̴   ٽ ź ̾ϴ.

   ٽ 縦   ְ Ǿ,   ߾.  Ŀ ͸  ۵鿡 ""  ߵǴ?"" ϰ  ɾ,   п  ǳο ȴٰ ؿ.

ݵ  Ϳ      ų, ޸   Ҿ 찡 ־.  ׷  "" 츮 Ѻ ֳ "" ӻδϴ.",
ؿ뱸,𷡺,,    ܵδ ž!,"ؿ ؼ, ȸ ؼ",θƽ ⸦ ϴ  ,"Ѹ(տ  ,       ¦̴  .
 Ǹ,  Ѹ  ڸ   ٰ )","
 ҿ    δ ","ؿ غ   , 𷡺","ؿ ؼ忡  Ǹ ¦̴ 𷡰 Ÿ  ־.  װ  𷡿  ̶ ,  𷡺  ̶ϴ.
𷡺 ؿ 𷡿 ϴ   ¾ 񿹿.   ӿ  ִٰ, ذ  غ    ѷ  ϴ. ׷  Ǹ 𷡻忡  ̰  .
 ,  ڰ ؿ ٴٸ ŴҸ ȥ㸻 ߾. ""     ִٸ ھ."" ׶, 𷡺  տ  ִ Ѹ . ,  ڱ         ϰ . ڴ   . ""̰ ?""   ħ, ڰ ٽ ã غ   ڱ ,  ڸ ׸    ־. ""  ҿ  ɱ?""
 𷡺   ϴ 鿡   Ѵٰ Ͼ.
 غ ¦̴ 𷡸 ߰Ѵٸ, װ ¼ 𷡺   .",
ϱ,õ,, !   ȯ!,"õȭ, ٴؼ, ","â̰, ο  ǥϴ  ",൹ ũĽ,൹ ũĽ õȭ ̾߱å  ,"õȭ ȭ Ű , õ",", õȭ ǳε  ڸ  ,   ο  ȸ  ߾.   鵵 . ׷  ,  Ѱ ݺ Ӹ ҳ    . ׳ ,      Ʒ ൹ ũĽ Ǹ  .  ൹  ٴڿ ˷ϴ޷  ,  ӿ õ ¾! ""  Ƹ  ž!""
õ  ĢĢ    ߾. ൹ ũĽ   , ߴ  , ȭ ܳ鼭  .   ̰  Ƹٿ   .  õ ߾. ""ȭ ð  µ,     ų  ?"" ׷  ,  ã  ̰  տ ߾ŷȾ. ""ڴ  Դٴµ, ٽ  ?""
   õ  ٶ󺸴ٰ ߾. ""׷,  ϳ ̾߱å !"" ׳ , õ ܼ ȭ Ѿ  ü Ŵ ȭå ٲ㳪. ״  ο ̾߱  ,    ޽ .
 , õȭ ã  ġ   å ѱ, õ  ̾߱  ɾ Ǿ. ׸ ׳ ,    ̻ ܷ ʾҾ. ״ õ Բ, ο ̾߱Ⱑ ¾ õȭ   Ѻ ־.",
,ݻ,,  ¥     ־!," ɸ,  , ̱׷  ","峭  ,     ",  (#6B8E23),"  ɸ ź Ű, ڿ ȭ ġ ","  ź ǰ ɸ , ݻ",",    ݻ̶ Ҹ ź  ־.       ھƳ,   ø  ǰ οٰ . ׷ ݻ ݻ   ־. ݻ ݺ  ¦̸  Ű,  ã 鿡  ִ ź 翴.

 ,     ݻ  Ϸ  ãƿԾ.   ø õϹ   ְڱ! ״    ۰ ߾.  ݻ ׷  볳 ʾ.     ݿ   ƴϾ! ݻ    ¥ Ⱦ.

  Ÿ  . ڽ  ߴ  ᱹ ٸ  ϱ ؼٴ  ̾.  ݼ ״ ݻ񿡰 ٽ ãư 뼭 ߾. ݻ   , ź ɸ    ־.  ɸ ,   Ǫ  ,      귯 .

׳ ,    âϰ ڶ󳵰,  Ǹ     ǳ  Ǿ.  ̰ ã  ɸ Բ ڿ  ǻٰ .

׷ ݵ 꿡   ź ɸ ٴ ̾߱Ⱑ  ְ,    ݻ  ӱ źο   .",
,,,ٴٴ  ̿Ը  !,"ٴ, ȣ,  ,  ػ깰","ϰ źο, ٴٸ ϴ  ŭ",ȣ  (#FF4500),ٴ ǳ並 Ű  ,"  Ű ٴ ȣ, "," ,   õ     ִٴ  .    ã , ƹ ص ã  . ,   Ű 簡 ־. ٷ Ǫ      ȣ , !

   ޾  ٴٸ Ű ־. ״ ΰ  Ž彺  Ѵٸ   巯 ʾ.   , 밨ϰ   ҳ ̰    ã ʹٰ ߾.      .

""ٴٰ 츮 ִ    ϱ?""
"" ٴٸ  ؾ ұ?""
""װ ٴٸ    ִ  ΰ?""

̴ ٴٸ ϴ   ߰,   Կ ߾. ״ ̸ ٴ ȳ  ־.  װ ȭ ƴ, ٴٸ Ǫ ϴ  ȣ! ̴  ȣ   ٴٸ  ǳӰ ,   ٴٴ  Ⱑ ĳ ǳο ٴٰ Ǿ.",
, ,,"ٶ, ~","å, 屸, õõ","ϰ ϸ, ڿ  ִ̾  Ѵ.", 鸲  鳪 ,굿 б 꼺 մ ѷ濡 ڿ  ϴ ," ѷ濡 ٶ ҷ  ϰ ִ  , "," λ 굿 б ۵Ǵ  ѷ Ű Դϴ.     ,    Ѻǿ 鿡 ū  ִ ̾ϴ.  Ư ɷ ־. ״    ڿ ٶ θ  ־,  ٶ   ϰ ִ    ϴ.
 ,   ģ  ̲  ѷ Ȱ ־.  ȴ ģ ״  缭 . ׶,  ¦   ٶ ׾. ٶ  ε巴   ư,  ݼ Ƿΰ Ǯ  ϴ.    ѷ  ɾϴ.
 ٶ ܼ ٶ ƴ϶ϴ.   ڿ ӿ  ó, 鿡 ȭ   ־.  꼺 굿 б ִ̾  Ű, 鿡 ڿ Ƹٿ   ־ϴ.
    Ű, ڿ ٶ Բ 鿡 ູ ־. ׷,   꿡 ū   ,    ִ̾   ֽϴ.",
,Ǫ,,ٴٴ 츮 Ѿ !,"ٴٸ ٶ󺸴 ,   (¼),  ǥ  и","밨ϰ Ƿο ȣ,   Ű  ","ֹ  , Ǫ ",Ǫ Բ  κ Ű ȣ ,"Ǫ    Ű ȣ , Ǫ","    , λ   Ǫ Ʒ 'Ǫ' źο   ־ٰ մϴ. Ǫ Ǫ  źο  ֹó    Ư 񿴾. ״     չٴٸ ѿ  ȣ̾ϴ.

׷  ,   ٴ ӿ ù   Ҿ.   ̸ ٷ ' ĵ'ϴ.  ĵ Ŀٶ  踦 μ, 糪 ǳ Ű  ߾.  η , Ǫ  ⸦   밨 ȥ ҷ ߽ϴ.

"" Ű 밨 ȥ̿, ٽ ѹ  ּ!""

Ǫ  ħ Բ Ͼ   25 ǿ  Ÿϴ. ׵   Բ ϰ  ¼ ο. Ǫ Ǫ ź  ̿Ͽ  ĵ ߴϴ. п  ٽ ȭ ãҰ,  Ǫ  밨 ̾߱⸦  ϰ Ǿ.

ݵ ٶ ż Ҹ Ǫ ֳ  Ƹϰ ٴٸ Ѻٰ մϴ.  ٴٰ    ٷ Ǫ ̶ Ƹٿ ̾߱Ⱑ   ִϴ.",
,,,   Ű!,"   Ŵұ,   Ѻ","ϸ鼭 ϸ,    ", , ࿡    ,"λ  ߽,    ",", 󱸴      ̾.   ⸦ ,    Ű. ׷  , ٴ  ϰ ,   ̻ ǳ ʰ Ǿ.  ,  ؾ  .

׶, ѹα  ƴٴϸ ο       Ҵ  Ÿ. ״ ڽ  ε帮鼭 ""   ϱ   ̾!""  .  ڱⰡ ٸ  Դٸ 鿡 ̰ ˷ֱ ߾. ó  ݽŹ,    Űڴٴ    .  ̰  Ӹ ƴ϶, ο  ϴ  Ǿϴ.

ð 귯  , 󱸴 λ ߿  ߽ Ǿ.  Ǻ Ź   ݼ,    ȭϸ λ  ϰ ־.      Ѻ, 忡 ϴ ̵鿡  ʴ  Ĵٰ ؿ.   θ Ҹ 鸱 , 뵿ڵ ӻ̵ Ѵϴ. "" 츮 Ѻ ֳ .""",
屺,,,忡  ⼼!," ڿ ȭ,   Ƹٿ  ","ģϰ ӷϸ,  ŷ θ ˸   ",ȫ   , ȫ å ȫ ," ϴ ȫ , ","屺  屺 ̶ Ҹ  忡  ,  ڿ ϴ  ϴ. Ư 8 Ҹ  Ƹٿ ڿ   ð  ӹ  Ǿ.     ˷  ã ʴ  ƽϴ.  ٴٸ ƴٳ൵ ġ   ʾ.  ,   ߽ϴ.    鿡 ˷߰ھ! ׷ ״ 屺 ȫ  ߽ϴ.   ٶ Ÿ åϸ,  鿡 Ϳ Ͷ߽ϴ.  ٶ    ִϴ!  λ ؼ  湮Ͽ ĵ   ߸, 鿡 Ӷؼ Ƹٿ Ͽ ־ϴ. ״ 屺   ȫϴ    ֱ⵵ ߰, ô밡 ϸ鼭 Ҽ ̵ ø⵵ ߽ϴ. ׸Ͽ  п 屺  Ȱ⸦ ,  ̵  ڿ üϰ Ǿϴ.",
λ걤,ض,,λ 󿡼   ð  ž!,"λ걹ȭ, ؿ ȸ ߰, ڰġ",ٴó Ӱ ȣ ,Ǫ Ҳ(Ҳ  ȰǴ ),"λ ٴٸ ȣϸ,   Ű ","ٴٿ Բ ¾ λ , ض","ض ٴٿ ¾ 񿴾. ״ ĵ Ÿ λ ٴٸ Ӱ . ׷  , ٴ    ߰߾. ޻ ޺ ٴٿ  , ׳ ϰ . ָ  տ   , ٰ  ź 翴. ض ó  ٴٿ Ұ   𰡸 ãҾ. ""ض:  ?"", "":  ٴٰ  ̾. ?"", ""ض: ٴٸ ǰ .   ٶþ.""
׳ ض  㸶 ٴ  ȭ .  , ׵ ĵ   ̾߱⸦ . ""װ ޲ٴ   ̾?"" ض ."" λ 󿡼    Ǳ ٶ. Ǫ ٴٿ Ͼ 𷡰  ؿ, ߰ ¦̴ ȴ뱳,   ġ ڰġ, ȭ   λ걹ȭ. ϴÿ ¦̴ Ҳ , 񸶴 ̾߱Ⱑ 帣  .""
ض     ߾. ""׷    !""  ׳ ,    ӻ迴. "" ٶ   ȯ̾. ᱹ,  ̾.        ̷.""  ٴٿ Բ , ض ó  Ⱦ.   Ǫ Ҳ Ǿ ϴ Ҿ.
 , ض  ޲ٴ λ  ߾. λ걹ȭ Ҳ Ͷ߸, ؿ ٴٸ ¦̰ ϸ, õȭ ̾߱⸦ ,  ׸ ø . ׷ ݵ, ȴ뱳  Ǫ Ҳ Ǿ   ؿ. "" , ض  ׸ϰ ֳ .""",
α,ʷձ,, ʷ   ־.,"溹, â, , ȭ, ",ϰ   , , 縦   Ű   ,"ñ  Ű ȣ , ʷձ"," ô, ñȿ   ʷ   鼭  Ǿ.   ٷ ʷձ񿹿! ״ ñ  Ű    ߾. ׷  , 溹ð â,     Ż߾! ׵  ñȿ ̻  .   ,  Ųٷ 帣, ż  ̻ Ҹ Ⱦ.
ʷձ Ż    η . ù °  û װԿ  ϰ ־. ʷձ ۾   ¸ϸ ׸ ñȷ ¾.  °  λ絿    ϰ ־. ʷձ    ,       ư.   ȭ ׿»   Һ ϰ ־. "" ư Ⱦ!  ִ Һ ʹ ־!"" ʷձ ""׿»   , ñ   ʾ.      ñȵ  ž."" ϸ ߰, ""˰ھ.  ñ  Ű 翴!"" ᱹ  ư.
  ƿ ñ ٽ . ʷձ â ޺ Ʒ  ߾. ""    ƿԳ.""    Ÿ ̻   顦  ӻ迩. ""Ȥ,   ŻϷ  ƴұ?""",
߱,۱,,̰  ʿ!  ̰ !,",  ι, м ,  ǰ",׻ ο  ã   , ι (#FFD700),  ι  鿡 ʿ  ãִ  ,"  , ۱"," ߱ ȭ Ÿ  ϴ , ۱  ־. ۱  ã   ſ ̾. , 빮, 빮    Ÿ Ϸ絵  ƴٴϸ, 鿡 ʿ  ó ãִ ɷ  ־.

Ϸ ۱  Ÿ   ,  ҳడ  Ȱ ִ  Ҿ. ҳ ο ġ  ;, ʹ    ϰ ־. ۱  ҳ࿡ ٰ ߾.

 !  ʿ  ´ ġ ãٰ!

۱  ι  ҳ࿡  ι ִٸ ϴ  ã   ž! ߾.  , ۱   ҳ࿡  ´  ġ ãƳ¾. ҳ ʹ ⻵ϸ ۱񿡰 ߴϴ.

 ۱ ⼭  ʾҾ. ״ ٸ  ʿ並 äֱ  ٽ Ÿ ƴٳ. ۱ 빮     Ҿ  ,  ٽ  ι   ã־ϴ.

"" ֳ! װ Ҿ ̾!"" ۱     ־.  ʹ ϸ  λ縦 ¾.

 , ۱ 빮   Ź  ӷ ãִ    ҿ ־.   鿡 ູ ִ  ۱  ū ̾ϴ.  ߱ ȭ Ÿ ۱ õ  ι  鿡 ʿ  ãָ, ູ   ϰ ִϴ.",
걸,ټǱ,,ٸ  ̾߱⸦    ϴ ù̾.,"¿  ִ پ ĵ, پ ܱ  "," , ٸ  ̾߱⿡  ̸, ׻  ذå ã ",ũ,"پ ȭ ָ̾, ¿ 꿡   ؿ ȭ ̲ źο ","踦 ϸ ȭ ̲ ȭ , ټǱ"," ¿  ̱  ó źο , 'ټǱ'  ־. ״   󿡼   ̾߱⸦ ó   ־, ׵ ȭ ϸ  ִ̾ ɷ  . ټǱ ¿ Ÿ  پ   ̾߱⸦ . ׵  ̾߱⸦  ٸ  ȭ 縦 ó  鿡  ٸ   ִٴ ޽ ߾.

 , ټǱ ¿   ܱε . ׵ ڽ  ̾߱⸦ ־, ټǱ ׵    ȭ 縦 ϸ 鿡   ؿ  ҷ׾.  ̾߱ ¿  鿡  ־, پ ȭ     ִ  ־.

ټǱ   ̱  ¿ ̸  ȭ 浹 ذϰ,  θ ϸ ư  ֵ ־.  ذϰ,   ȭӰ ư  ֵ  ߿ 翴.    ̾߱   ְ̾,    äӰ   .",
,ұ,,"ٸ ܼ ̰ ƴϾ, ̾߱Ⱑ 帣 !","ٸ   ,  ̾߱,   ","ϰ ο ,    ", ,̴ٸ  ɾ ſ 縦  ,"ð մ ٸ, ̴ٸ Ű "," ,  'ұ' Ư   ־ٰ մϴ. ұ  ٸ    Ѻ 񿴾.  ٸ ǳʴ  ߰ ӿ  ̾߱Ⱑ  ־ϴ. 屺  Ÿ   ־, ̵ ٸ  ҿ   ־.

ұ   ٸ   ´ٰ Ͼ. ׷  ,  Ʈ 鿩ٺ ٸ ǳʴ   Ǿ.  ٸ ̾߱⿡   ʾҾ.

ұ     ٸ   ɾϴ. ٸ     ҿ ,   귯 ̿! ׷  ,   ̰ ٸ  ɽ ӻ迴.

""  ٸ  ̾?""

, ٸ Ʒ  ¦̴ ô  տ .  Ÿ  , Ϳ  Ĵ , ٸ   ٶ󺸴 !  ̴  ¦̸ ƽϴ.

""!  ٸ  ̾߱Ⱑ 帣 ̳׿!""

׳ , ٸ ٽ 'ð մ ٸ' Ǿϴ.  ٸ ǳʸ  ҿ , ٸ   ̾߱ ٽ Ƴ ߾. õ ұ ٸ   ߰ Ѻ 幵 ̼Ҹ   ſ.",
,,,"~! ̰ ׳ ִ  ƴ϶, ¥ ִ ž!","ִ  ñ, Ѱ ٶ Ÿ   , 粿ġ & â &  丮","̽İ, 峭    ",  , ϴ  ִ ̽ ,"  ȭ å ̽ , "," , Ѱ Ϳ '' ̰ پ  Ҿ.  Ѱ  Ű  Ѱ   پ  ⿡ Ͽ ̰   Ǿϴ. ״ Ѱ      ˾Ƹ. "",  ŷ !  粿ġ!""

 , Ѱ   .  ٻڰ Ա⸸ ϰ  ʾ.    峭 ƾ.   ʴ    ֹ ſ!

""? â   ?"" "" ̷ ̰?""  Ȳ߰,   õõ ϱ ߾. "",   ſ!""

   ǵ Ҿ.  ,   ȭ ǳ    .  幵ϰ  Ѱ ٶ þ. ""~! ̰ Ѱ !""",
빮,Ѿ,,"ڿ  , ġ ̰ ۵˴ϴ"," , ѹ, ڿ ġ","ϰ ο, ġ  ϴ ",  ʰ   ָӴ,빮 ɽ  ̲ ġ ,"빮 ɽø ѿ , Ѿ","빮 ɽô   ߽  Դϴ. Ѿ簡  ̰      ġ  ã ߽ϴ. ׷ ɽÿ  а ڿ ϴ , Ѿ񡯰  ־ϴ. Ѿ ̰   ƿ ,  ̰   ġ ķ ɽÿ    ؿԽϴ.

, ð 帣鼭 ɽø ã   پ, ̰  ġ ȭ  ⿡ óϰ Ǿϴ. ̸ Ÿ  Ѿ   ɽø ǻ츮  ϴ. ״     ȿɰ  ġ һ  ְ,  鿡Դ ɽ    ҵ Ұ߽ϴ.  ,  縦 Ȱ Ư  ָ   ȿ ϰ,   Ӹ ƴ϶ Ʈ Ҿ ġ  ִ  ˷Ƚϴ.

Ѿ   췯 ̰ ܱε  Ư α׷  ߽ϴ.  ܱ ε ϰ, ɽ ǿ  ġ üϰ,  ȸ  ִ   .  п ɽô ܱ    鿡 ٽ ޴ Ұ Ǿ,  ġ ߽μ  ġ ã Ǿϴ.",
߶,̱,,"̰ Ȱ¦ Ǿ, е Ȱ¦!"," ٱ,  , ̲  ñ","̰ , ̸ Ű ؼ  ȣ",Ѹ,߶ Ƹٿ ̹   ,"߶ ̺   , ̱"," ,  ٴ  ϴ  ־.  ̸ ̱. ̱ 󿡼  Ƹٿ ̸ Ű  ãٰ ߶ ߾.  帣  δ ̰ ̸ Ű⿡   ̾. ̱ ߶õ  ̸ ɰ,  ڶ ̸ ǿ ÷Ⱦ. ð 鼭   ο ̷ ڵ.

׷  , ū  ٴ ҽ Ծ. ̹  ⿡ ó ſ! ̱   ߶ ֹε ϱ ߾. ̸ ָ ֹε鿡 ""̸ Ű  ʳ?"" ӻ迴. ó   ֹε鵵,   ̰  Ŷ   ̱ Բ ̸ Ű ߾.    Ƹٿ ˸   ߰, ׷ ۵  ٷ  ߶ ! ̱  ӵǰ ֹε ̸ ϴ ,  翡 ̸ ְڴٰ ߴϴ.",
ϱ,,,"ó ε巴, ó ϰ."," , ϼڹ, Ѿ絵","ȭϰ ο,  ȭ ", پִ ͳ  , ź  ο ," Ƹٿ ϴ  , "," ϱ  սǿ  ϴ ż ̾. ̰ ų հ պ  ͳ ǳ並 ϴ  ÷.   帣   . ׷  ,  Ű ŷ . ٷ ܰ  ȣϴ , 񿴾!
  ̻ .     ־ŵ. ״ ܼ ã ϱ  ƴٳ.    ߰߰, ѱڹ źο ð   ãƳ¾. ϼڹ   ""  ŷ   ̾"" ߾.  ܼ   ޾Ҿ. ""ݺ ġ !""
ҹ  ãư ϵ ѿ    Ҿ. ѿ  Ѱ   ġ ִ   ߰ ־. ׸  ȿ  簡 Ÿ. ٷ  Ű ŷ, ܽŷ ̾!  ߾. ""  ؾ  ΰ    ߾. ׷ ֱ    ġ ϰ ־!""  ߾. ""׷ٸ ϱ  ٽ !""
׵ Բ ϼڹ   ü , ϵ ȭ Ÿ Ѻ мǼ .  ѱڹ    ȸ ߾.   ٽ ,  Ϳ ο   ߾. ħ    ãҰ, ܵ ٽ  ãҾ. 
õ ϱ ȴ , 𼱰 ε巯   ٶ ĥ ſ. װ Ƹ,   Ű ִٴ ȣ .",
ϱ,ϼ,,"߼ θ, ȣڶ θ .     ̾.","õ, ѻѷ, , 丮",  簨 巯  ʿÿ ߼ó ϰ ο, ,"ΰ, ߼ΰ? ѻ Ű ְ ","ѻ  Ű Ŵ ߼ , ϼ","ѻ꿡  뷡ϴ  ־.  ٸ Ҹ    ־. ׷  ,  , ѻ  Ʈ ߾. ΰ , õ  ĥ.  Ե ұ  ߾.
׶, ѻ   Ŵ ȿ  . ""׸...!"" ѻ ȣ , ϼ . ״  õ ߾.  ҿ뵹ġ ϰ ־.  ӿ ѻ     ż ָġ ־.
ϼ ¸    پ. ó ܴ ָ ҿ뵹̸ ,   ż. ϼ Ŵ    .  , ҿ뵹̰   ѻ  ٽ  ãҾ. ϼ  ߰, Ե ׸   . ""װ ѻ  ٽ ־."" ׳ , ϼ  ö ѻ Ű ߾.
ķε 갴  ѻ꿡 Ŵ ڱ Ҹ  ߾. ""... ..."" ׸ Ȱ ڿ ̸, ѻ 򰡿 ߼    ٶ󺸰 ִٴ ̾߱Ⱑ Ծ.   ٷ, ϼ. ѻ ȣ,  ϴ   Ƴ ߼  ϴ.",
,ȣ,,ȭ     ۵ȴ.," ڿ, å,  ȭ, ׸ ȭ","밨ϰ Ƿο . Ȳ   , ȭ ̷   ", ϴ ,   ȭ Ű  ,"  ȭ Ű 밨 ȣ, ȣ"," ȭȭ, ̰  ü̾   ǰ,   ȭ  ǿ Ư ҷ ߽ϴ.   ȣڴ ٷ ȣ.  ӹ ܼ ȭ ϴ  ƴ϶,    ϳ ϴ ̾.

ȣ   踦   ȭսŰ, Ư ɷ  񿴽ϴ. ȭȭ 湮   ٸ,    ״ ׵鿡 ȭ  ϱ ־ϴ.    ,  ٸ ϴ  ģ ȣ.    , װ  ڸ ȭ    Ѱ  ϴ.

 ,   ȸ  ,  Ų  ̿  Ͼϴ. ׷ ȣ ̶ ߽ , ׵鿡   ȭ ޽ ߽ϴ. װ ۶߸ ޽ "" 츮 ׸ 帮  , ȭ ׷߸  Ƹٿ Ÿ"" ϴ.

 ̼ҿ Բϴ    鿡   ־, ȭȭ  鿡 ־ ȭ   ȭ ¡ Ǿϴ. ȣ     ӿ ׻   , ׵ ϰ ϴ  ִ ߿  ڸҽϴ.",
,±,,  츮  ӿ ִ!,"   ̾߱,   ","ϰ  , åӰ ϰ ϸ ħ", (#6E6A3F),  ȥ Ű ׵  ϴ ο ," ȥ Ű ¸ ȣ, ±"," ,    ִ ¸ ó ź   ־ϴ.   ̸ ±񿴽ϴ. ±   ȥ Ű, ̰  Ƿɵ  ȭ  ʵ 㸶 ¸ .

±  ȥ ̾߱⸦ ߰, ׵  ̷   Ű   㸶 ¸ ҽϴ.  , ±     ִٴ ǿ  ͽϴ. ׷ ״ 鿡    ˷ֱ մϴ. ±  鿡     ״, ׸    ϱ ߽ϴ.

± ϴ  Ʒ   ̾߱ϸ 鿡   ɾ־,   ̾߱⸦  ׵鸸    ̾ Ǿϴ. ± ¸ Ű,     ѳϴ.",
,,,"̶   ļ  žߡ ƴ, װ ƴϰ?","Ե ̾߱ ,   ׳ ,    "," 峭ٷ⿴,  ʰ ο  Ǿ", ָӴ,׳׵ εϰ  ϴ  ,   ο   ," ﰢ ڶ, 翡   Ҿ. ״ Ե    .   峭 ؾ ϱ⿡,  Ȳ.

Բ  û,   Ȱ϶ ߾.    ο  Ǳ ߾. ״   ׳׸ εϰ Ե鿡  ϸ, 翡   ⸦ ۶߷ȴϴ.

򱸸  ׳׵  , ¦ ٶ Ҿ ׵ ٸ  ε߾. ҽ 鸮 Ե鿡Դ ޼ӿ ο ħ ְ . Ư, 翡  濡 ģ 鿡   ⸦ ۶߷ ִ    ū ſ̾.

翡   տ  𸣰    ,     ̾.    Ŀ    ʰ, ڽŸ    縦 ״ϴ.",
빮,ȫ,,  ʴ´ٰ   ƴ.,"빮  ȣ ܶ,  ó ٶ  ſ 縦  ","  ų  .  ⺸ٴ 鿡 ⸦ Ҿִ  ϸ,  ӿ  ã .", ,  ָ  Ű ,"鿡 ⸦ Ҿ , ȫ",", 빮 ȫ 뼺 Ű  ־ϴ. ̸ ȫ.   ȣϸ  Ű .   ,        ˴ϴ.

 ϰ ־.  ؾ  ϵ ޶ ž.

ȫ  ̻  Ű ,  Ű ߽ϴ. ׸   ʾ, 빮Ұ 鼭      Ǿϴ. ׵ ߿   ο ̵鵵 ־.

̴    !

ȫ     鿡 ־ϴ. ȫ  ֵθ ϰ ¦̴ Ҳ ⸦  ̵  ӿ    .  ,     ٵ ߽ϴ.

 Ǿ Ⱑ . ġ  츱  ִ  .

 , ȫ ˰ Ǿϴ. ڽ   ʾƵ,  ⸦  ʴ´ٸ  ̾ٴ .

 귯 Ҵ  Ǿ,   ̰ ã Ǿϴ. ȫ  ,  ٵ ̵ 翡 ӻԴϴ.

 Ⱑ ־⿡,  츮 ִ ž.",
,,,Ҹ  ʾ.   ְŵ!,"Ÿ ,  LP,  񿡼 쿬  ε","Ӱ ̸, ǿ  ",Ÿ  ũ,    ۶߸  ,"ȫ Ÿ ٽ 뷡    , "," ,  Ҹ    Ƹٿ ε 뷡 ϰ  ۶߸ ɷ ־.

 , ȫ Ÿ   ġ  ź,     ˰ Ǿ. Ÿ  ǵ    ٰ,  Ʈ  ̺   ʾұ ̾.

 鿡   ٽ ˷ֱ ϰ,   ε  Ư  Ҹ . ׸   , ȫ Ÿ 忡  뷡  .

ó ѵ  ߰ ,    θ ߰,  Ÿ   á.  ,  ٽ  귯ġ ߰, Ÿ  ǵ þ  ̺ ǿ ͸ ￴.  п ȫ  ٽ Ƴ ſ!

ݵ   򰡿 ο ε ã,     ۶߸ ִϴ.",
õ,,, ȥ ϴ  ƴϾ!," ϴ ,   ϴ , Բ ϴ ","ȣ ,    ϸ, 峭  ׻   ; "," , л",   ,"   , ","     ˰ ; ϴ ȣ  񿴾. ϴ   ̸  ,  پ    .  ״ ܼ  Ϳ  ʾҾ. ""     !""  ڽ ƴ  鿡  ִ   ߴϴ. 
 
  ȥڼ ϴ ͺ Բ    ȿ̶  ˰ ־. ׷ ״    峭 ġ . ô,   翡   ̰  ߾. ׶ ڱ å  ڰ ¦̸ . ""? ̻ϴ! ڱ ۾   ̳?"" ̴ ű  ϱ ߾. װ ٷ  ¦  ſ! 
 
  귯   񵿿 п ڸ ,  θ ϴ л   Ǯ  ϰ ־. ׶ ٶ  Ҵ å  Ѱ. ׷ л  ߴ ؼ  Ÿ! "", ̰ ϱ ذ ȴ!"" װ   ½  ſ. 
 
    н   ֵ   ָ, й    ֵ ̲ ־.   õ Ư  Ǿ ȯ  ѳ ִϴ.  Ⱓ Ǹ    Ǵ л ٸ, װ Ƹ     .",
,ʱ,, ϳ    ־.,"Ĺ, عڹ, ̼, ȭ","ȭϰ ģϸ, ڿ ϴ  ŭ", ĵ , ڿ ȭ մ  ʷϺ ,"Ĺ   Ű , ʱ","Ĺ ħ, ʱ  Ǯ ̸ ŴҸ ڿ ӻ  ־. ׷ ڱ Ĺ õ ־. ޻쵵   ߴµ,    . ""Ȥá      ƴұ?""
Ĺ ߽ɿ  ڿ ִ  ־.  ϴ , Ĺ ǰϰ ڶ  ־. ʱ  ã ߾.
ù ° ܼ عڹ ־. ״    ٰ   ߰߾.    ƴ϶, ڿ ӿ  ִ.    ִ   .    ׸ ׷ ־. ʱ ̼ ߾. ̼ ״  ׸ ϳ ߰߾. ׸  ǳ濡   , ׸  ӿ    ձ ü ׷ ־. ʱ ޾Ҿ. "" ڿ  ȣϰ ִ ž!""
ʱ ٽ Ĺ ƿԾ. ׸  캸ٰ ӿ  ڶ ִ   ߰߾. ״  ε帮,   ڸ Ҿ. ׷  ε巯 ٶ Ҿ԰, õ Ĺ ٽ ⸦ ãҾ.
 ķε  ̻ ҹ Ծ. ""Ĺ  ó Ŀٶ    ִ!"", ""̼ ׸ 㸶 ̼ϰ δٴ!""  ؿ. ""Ȥ ʱ  ڿ Ű ִ  ƴұ?""
 Ǫ ڿ ӵǴ , ʱ Բϰ  ſ.",
α,б,,"а ȭ  , ̰  ȴ!","ο ,  , ȭ , پ ȭ ","Ű ȭ , پ ȭ ϰ ϴ ",¦̴ Ʈ,ȸ ܿ    ȭ ̲ ,"ΰ ȭ ̲   , б","ΰܿ  Բ   ־. ȣ   ̰    ǰ űϸ 鿡 ǰ   ̵ ֱ⵵ . , ΰ 1960 ѱ  ߽̾, ð 鼭 װ  ȸ ذ.    뵿ڵ  ȯ濡  .   ó       ǰ     . ޽Ľð   Ǿִ  İ    Ÿ. ׷  , ΰ д ϱ ϸ鼭  ޶ ߾.  ȭǰ, δ ÷  𿩵  Ǿ.

 ȭ       Ҹ    ű  Ҹ .  ȸ   ,  â̰  Ⱑ .  װ  ̵  Ѻ, б񡯶 ̸  Ǿ.  ״ εд  ȸ  ̸ ѳ ÷  â  ִ̾  Ȱϰ ִϴ.

б õ εд ƴٴϸ ο  帧 캸,  ȭ  ǰ ־. װ Ű δ   ̻ ȸ  ƴ϶,  ް   ȭ÷  ̶ϴ.",
õ,,, ٰ? ׷  ޵ Բ !," ,  , Ʋ Ҹ,   Ư","ϰ ̸, 翡  ںν ",ֺ 𳯸 Ÿ,   ȭ â ִ̾   ,"  â  ִ̾ , "," ,  õ 'ѱ' ־ϴ. ̰ ̸ ΰ  ˷ , 1960 1970 ѱ   ̲ ߿ ҿ.     ǥ پ  ڸ ־,  ߿    ߴ ߽ϴ.   뵿  ѱ   ⿩߰, ׵ ϻ ϰ  ϷϷ翴.

ܿ ϴ  κ ð񿡼 ÷  ̾. ׵   е ʴ  ۾ ð   긮,      ޲ٸ  . ׷ ׵    ʾҽϴ.  ӱݰ  ۾ ȯ ӿ  Ϸ縦 , ׵ ӿ ׻  ־. ٷ ڽŵ  ̷  ̾ϴ.

̶ ܿ  ִ  ''    ϰ ־.   ׵  ʿ    Ƴ½ϴ.       η, ׵ ձ      ߾.   ó  ٲ  ִ   ʵ ־,  п   뵿  ܼ  ƴ϶, ο ɼ   ۾ Ǿϴ.

 帣 ѱ ȭ  ŵϿ,   鼭 õ ο  ŵ쳵.    õ  ӿ  ִϴ.  ϱų ް  ̾߱ Ծ Ǹ,   鿡 ߾ǰ ֽϴ.",
,,,,,,,,,,
,,,ȭ   ƴ϶ϱ!," , Ÿӽ Һ, ","ȭ  η  ο ޾Ƶ̴  .    Ѻ  ϸ, ſ 簡 ȭ ̷  ",Ȳ  ,  ߾ϰ ȭϴ    ,"ȭ    ϴ , "," ,  뼱      ־ϴ.  װ   ڱ̶ ߰,   ܼ  ,  װ Ѷ  ƴٴϴ  ̾ϴ.

 Ѷ    ̸ ƴٴϸ   Ѻ 񿴽ϴ. а簡 Ͼ  뼱п     ߰, ְ ; OB 忡     Ҹ ϴ.

 ô밡 ϰ,  ϳѾ  ߽ϴ.  ڽ Ѻ ҵ ذ  ϸ鼭, ο  ٽ ¾ ø ̷Ӱ ٶ󺸾ҽϴ.   Ͱ ȭ  ϰ,   ǰ Ǿ   ޾. Ѵٴ    ƴϾ. ο ̾߱Ⱑ ۵Ǵ .

׷  ݵ    ȭ ϰ ֽϴ. Ѷ 谡 ư ڸ  帣,  ִ    ſ ð     ̼Ҹ ´ϴ.",
۱,,,ϴ.   ʰڽϴ.," ִ ȥɵ ̾߱⸦  , ε ⸮   ǥϴ , 뷮  ȸ","Ӽ , ϴ   ",ȥɵ鿡 ġ ɴٹ, Ų  ϸ   ,"  ޷ , ","۱   ִ   뷮 忡 ε  ⸦ ϴ 񿴾.  Ҷ  ӿ   Բ    .   , ѱ     Ǿ,  װ Ư  ް Ǿ.   ε ȥɵ   Ű  ̾ϴ. ׵ ȥ װ ȭӰ  ӹ ־.  ó ׵  , ׵  ̾߱⸦ ϳϳ 鼭   ĿԾ. ׵       ᱹ ڽ ̸ 񡯶  Ǿ.  ,   Ÿ ȥɵ ̾߱⸦ , ׵  ⸮,   ǥϴ  ˷.  ״    ȥɵ ̾߱⸦  ￩ , ׵鿡  ϰ ִϴ.",
Ǳ,,,  ʵ ϶.  츮  ̷ ִ.,"ϴ  , 鿡  ϴ ","ȭϰ ο , 鿡 ް  ϴ  .   , ߿   鿡 ū  .", ϴ ٱ,   ⸦ ѵ ִ ,"  鿡 ް  ϴ , "," Ǳ , ̰  屺 ¾  մϴ. ,  ¾ ,    ϴÿ ϴ.   Ѻ ,    ǰ 鿡 ް  ϱ ߽ϴ. "" ǰ ̴ ū ι  ̴,""   ӻ迴,  ̴ ٷ  屺 Ǿ  ϴ  Ǿϴ.  ķε    ,   ް  ʿ ̵鿡  ־.

 帣, ó  뿡   ֽϴ.  б Ÿ ̿ ϴ   ְ . л û  ,    ׵鿡  մϴ. ""  ʵ ϶.  츮  ̷ ִ.""  鿡 ޿  ⸦ Ҿ־ ݴϴ. װ ϴ  ó   ӿ  ֽϴ.",
ʱ,,, ùٸ  ,"翡 ߸ , Ǯ  б",ϰ ο Ĳ ," ( ǰ ¡),  (ʿ  ο   Ÿ)", ǰ ̲  Ƿο ,"Ÿ ε ִ Ĳ , ","  ѱ ƴٳ ϰ Ƿο Դϴ. ô   ԰ Ѿ Ǽ鿡   ָ,    鼺 ùٸ ǰ   ֵ Դٰ մϴ.

ð 귯   Եǰ  ߵǸ鼭, ʱ ѹα Ÿ ڸ  Ǿϴ.  ̰ Ͽ, ε  ο  ϱ ߴٰ մϴ. ״ ε   ذ   , ¦ Ʈ ְų   ӻ迴ٰ մϴ.    ʹ ڿ   縦  ߴٰ .

п ʱ Ÿ ϰ  ǰ ̷    Ǿٰ մϴ. ݵ   ʱ  翡  ĳ    Ƿʰ  ִٰ մϴ.",
,мǱ,,Ÿ  ƴ϶ µ.,"ǰ 귣  ,  ̳ʵ  湮, мǼ ",̰ â̸ Ʈ忡 ΰ," Ÿ,  ſ",׻ õ ߱ϴ ̳ ,"м ߽  м , мǱ","Ѿ翡     ϴ Ư , мǱ  ־ٰ մϴ. ״ ſ ս  ϸ   å, ô밡    õ Ÿ ãƴٳٰ մϴ.

뿡 ̸  м ߽ , мǱ ڿ ̰ ӹ  Ÿ  ߴٰ մϴ.     ʾҽϴ. ״ ܼ  ִ  ƴ϶,   ⸦ а   ︮ Ÿ ¦  õϰų  ִ ɷ ־ٰ մϴ.

м ̳ʰ ο ÷ ȹ , мǼ ġ    ,  Ÿ   ,      ʴ ձ  ־ٰ մϴ. õ  мǰŸ 򰡿,   Ѿ  Ÿ ã   ִٰ մϴ.",
ı,̱,,"ð ٰ? , ݾ!","ð ,  , Ե ̱ⱸ, ÷ ","峭ٷ,   ſ ̷  ",ũ  ڸ,    Ų ,"ſ ̷ Ű , ̱"," ô Ŀ ƿ ̱ 伺 ǳ伺 ֺ åϱ⸦ ϴ 񿴽ϴ.  ̱   칰   ϴ Ǽ 칰  ˴ϴ. ̱ ٽ   , ֺ   µ   ǹ ö ½̴ Һ ӿ  ٻڰ ̴  ÷ ߽ϴ.

̱ Ȳ ȣ Ƹٿ ǳ ǳ ִ   ̲ ݹ 뿡 ϰ ˴ϴ. ׷ ִ  ԰ åϱ⸦   ̱ ٽ 칰 ߽߰ϴ.   ŭ  ٽ 칰 µ, ׻  Ŀ ̱ ׸ 칰   ҽϴ.   ༭ ϴٰ   칰 μȰ װ    ߽ϴ. ׶ øȰ ũ ϴ   伺 ھƿ,   ǳ伺 ھƿö ſ ̷ ڼ ȥ Ȳ ϴ.

     ÷  췯 ο ǳ űϸ ſ߽ϴ. ̱  ϴ   ̷ Ű    ͸ ƴ϶  ޾ҽϴ.

׶ ̱ ſ ̷ Ű  Ǿϴ. ǳ伺  Ȧα׷  , ԵŸ ⿡    峭 ġ  ı   ÷  ϴ Ư ð Ǿϴ.",
,ϻ,,ؾ . ̰   ƿ ̾,"칫, , Ѱ ٶ,  ¦̴ ","    , 縦  ", 칫  (     ǻƳ),ϻ絿    ,"ϻ絿  ߿伺   , ϻ","ϻ ż ô  ƿ Դϴ.  Ű 칫⸦   , ô밡 ϸ   Һ   ܳϴ. ϻ ȭ η ʰ ο   ߽ϴ.

 , ̵ ϻ絿  ܼ ڹ̶ ϴ   ϻ ¦ ϴ. ̰   ƿ ̾ϴ. ϻ ̰ ܼ ڹ ƴ϶,   ƿ ̶  ˷ֱ ߽ϴ.

  ϻ Ѱ ٶ Ÿ ϴ.  ձ   Һ ٽ Ƴ 칫Ⱑ   ãҽϴ. ̵ ħ ٽ  ã ,   Ⱑ Ǿ  ҽϴ. ̵  ٸ    ־  ٰ ϴ. ׶ ̵  ϻ  ǲ ϴ. ϻ ̵鿡 ""ϻ絿  츮   ""̶ ӻ迴ϴ.

 ϻ絿  ã    ""̰ ¥  Ҿ!"" մϴ. ϻ   п   ̾߱⸦ ٽ ϰ Ǿϴ. ¼   , ϴ  Ʒ ϻ Ѱ ٶ󺸸 ̼   𸨴ϴ.",
,,,,,,,,,,
,,,,,,,,,,
,,,,,,,,,,
,,,,,,,,,,
,,,,,,,,,,
,,,,,,,,,,
,,,,,,,,,,
,,,,,,,,,,
,,,,,,,,,,
,,,,,,,,,,
,,,,,,,,,,
,,,,,,,,,,
,,,,,,,,,,
,,,,,,,,,,
,,,,,,,,,,
,,,,,,,,,,
,,,,,,,,,,
,,,,,,,,,,
,,,,,,,,,,
,,,,,,,,,,
,,,,,,,,,,
,,,,,,,,,,
,,,,,,,,,,
,,,,,,,,,,
,,,,,,,,,,
,,,,,,,,,,
,,,,,,,,,,
,,,,,,,,,,
,,,,,,,,,,
,,,,,,,,,,
,,,,,,,,,,
,,,,,,,,,,
,,,,,,,,,,
,,,,,,,,,,
,,,,,,,,,,
,,,,,,,,,,
,,,,,,,,,,
,,,,,,,,,,
,,,,,,,,,,
,,,,,,,,,,
,,,,,,,,,,
,,,,,,,,,,
,,,,,,,,,,
,,,,,,,,,,
,,,,,,,,,,
,,,,,,,,,,
,,,,,,,,,,
,,,,,,,,,,
,,,,,,,,,,
,,,,,,,,,,
,,,,,,,,,,
,,,,,,,,,,
,,,,,,,,,,
,,,,,,,,,,
,,,,,,,,,,
,,,,,,,,,,
,,,,,,,,,,
,,,,,,,,,,
,,,,,,,,,,
,,,,,,,,,,
,,,,,,,,,,
,,,,,,,,,,
,,,,,,,,,,
,,,,,,,,,,
,,,,,,,,,,
,,,,,,,,,,
,,,,,,,,,,
,,,,,,,,,,
,,,,,,,,,,
,,,,,,,,,,
,,,,,,,,,,
,,,,,,,,,,
,,,,,,,,,,
,,,,,,,,,,
,,,,,,,,,,
,,,,,,,,,,
,,,,,,,,,,
,,,,,,,,,,
,,,,,,,,,,
,,,,,,,,,,
,,,,,,,,,,
,,,,,,,,,,
,,,,,,,,,,
,,,,,,,,,,
,,,,,,,,,,
,,,,,,,,,,
,,,,,,,,,,
,,,,,,,,,,
,,,,,,,,,,
,,,,,,,,,,
,,,,,,,,,,
,,,,,,,,,,
,,,,,,,,,,
,,,,,,,,,,
,,,,,,,,,,
,,,,,,,,,,
,,,,,,,,,,
,,,,,,,,,,
,,,,,,,,,,
,,,,,,,,,,
,,,,,,,,,,
,,,,,,,,,,
,,,,,,,,,,
,,,,,,,,,,
,,,,,,,,,,
,,,,,,,,,,
,,,,,,,,,,
,,,,,,,,,,
,,,,,,,,,,
,,,,,,,,,,
,,,,,,,,,,
,,,,,,,,,,
,,,,,,,,,,
,,,,,,,,,,
,,,,,,,,,,
,,,,,,,,,,
,,,,,,,,,,
,,,,,,,,,,
,,,,,,,,,,
,,,,,,,,,,
,,,,,,,,,,
,,,,,,,,,,
,,,,,,,,,,
,,,,,,,,,,
,,,,,,,,,,
,,,,,,,,,,
,,,,,,,,,,
,,,,,,,,,,
,,,,,,,,,,
,,,,,,,,,,
,,,,,,,,,,
,,,,,,,,,,
,,,,,,,,,,
,,,,,,,,,,
,,,,,,,,,,
,,,,,,,,,,
,,,,,,,,,,
,,,,,,,,,,
,,,,,,,,,,
,,,,,,,,,,
,,,,,,,,,,
,,,,,,,,,,
,,,,,,,,,,
,,,,,,,,,,
,,,,,,,,,,
,,,,,,,,,,
,,,,,,,,,,
,,,,,,,,,,
,,,,,,,,,,
,,,,,,,,,,
,,,,,,,,,,
,,,,,,,,,,
,,,,,,,,,,
,,,,,,,,,,
,,,,,,,,,,
,,,,,,,,,,
,,,,,,,,,,
,,,,,,,,,,
,,,,,,,,,,
,,,,,,,,,,
,,,,,,,,,,
,,,,,,,,,,
,,,,,,,,,,
,,,,,,,,,,
,,,,,,,,,,
,,,,,,,,,,
,,,,,,,,,,
,,,,,,,,,,
,,,,,,,,,,
,,,,,,,,,,
,,,,,,,,,,
,,,,,,,,,,
,,,,,,,,,,
,,,,,,,,,,
,,,,,,,,,,
,,,,,,,,,,
,,,,,,,,,,
,,,,,,,,,,
,,,,,,,,,,
,,,,,,,,,,
,,,,,,,,,,
,,,,,,,,,,
,,,,,,,,,,
,,,,,,,,,,
,,,,,,,,,,
,,,,,,,,,,
,,,,,,,,,,
,,,,,,,,,,
,,,,,,,,,,
,,,,,,,,,,
,,,,,,,,,,
,,,,,,,,,,
,,,,,,,,,,
,,,,,,,,,,
,,,,,,,,,,
,,,,,,,,,,
,,,,,,,,,,
,,,,,,,,,,
,,,,,,,,,,
,,,,,,,,,,
,,,,,,,,,,
,,,,,,,,,,
,,,,,,,,,,
,,,,,,,,,,
,,,,,,,,,,
,,,,,,,,,,
,,,,,,,,,,
,,,,,,,,,,
,,,,,,,,,,
,,,,,,,,,,
,,,,,,,,,,
,,,,,,,,,,
,,,,,,,,,,
,,,,,,,,,,
,,,,,,,,,,
,,,,,,,,,,
,,,,,,,,,,
,,,,,,,,,,
,,,,,,,,,,
,,,,,,,,,,
,,,,,,,,,,
,,,,,,,,,,
,,,,,,,,,,
,,,,,,,,,,
,,,,,,,,,,
,,,,,,,,,,
,,,,,,,,,,
,,,,,,,,,,
,,,,,,,,,,
,,,,,,,,,,
,,,,,,,,,,
,,,,,,,,,,
,,,,,,,,,,
,,,,,,,,,,
,,,,,,,,,,
,,,,,,,,,,
,,,,,,,,,,
,,,,,,,,,,
,,,,,,,,,,
,,,,,,,,,,
,,,,,,,,,,
,,,,,,,,,,
,,,,,,,,,,
,,,,,,,,,,
,,,,,,,,,,
,,,,,,,,,,
,,,,,,,,,,
,,,,,,,,,,
,,,,,,,,,,
,,,,,,,,,,
,,,,,,,,,,
,,,,,,,,,,
,,,,,,,,,,
,,,,,,,,,,
,,,,,,,,,,
,,,,,,,,,,
,,,,,,,,,,
,,,,,,,,,,
,,,,,,,,,,
,,,,,,,,,,
,,,,,,,,,,
,,,,,,,,,,
,,,,,,,,,,
,,,,,,,,,,
,,,,,,,,,,
,,,,,,,,,,
,,,,,,,,,,
,,,,,,,,,,
,,,,,,,,,,
,,,,,,,,,,
,,,,,,,,,,
,,,,,,,,,,
,,,,,,,,,,
,,,,,,,,,,
,,,,,,,,,,
,,,,,,,,,,
,,,,,,,,,,
,,,,,,,,,,
,,,,,,,,,,
,,,,,,,,,,
,,,,,,,,,,
,,,,,,,,,,
,,,,,,,,,,
,,,,,,,,,,
,,,,,,,,,,
,,,,,,,,,,
,,,,,,,,,,
,,,,,,,,,,
,,,,,,,,,,
,,,,,,,,,,
,,,,,,,,,,
,,,,,,,,,,
,,,,,,,,,,
,,,,,,,,,,
,,,,,,,,,,
,,,,,,,,,,
,,,,,,,,,,
,,,,,,,,,,
,,,,,,,,,,
,,,,,,,,,,
,,,,,,,,,,
,,,,,,,,,,
,,,,,,,,,,
,,,,,,,,,,
,,,,,,,,,,
,,,,,,,,,,
,,,,,,,,,,
,,,,,,,,,,
,,,,,,,,,,
,,,,,,,,,,
,,,,,,,,,,
,,,,,,,,,,
,,,,,,,,,,
,,,,,,,,,,
,,,,,,,,,,
,,,,,,,,,,
,,,,,,,,,,
,,,,,,,,,,
,,,,,,,,,,
,,,,,,,,,,
,,,,,,,,,,
,,,,,,,,,,
,,,,,,,,,,
,,,,,,,,,,
,,,,,,,,,,
,,,,,,,,,,
,,,,,,,,,,
,,,,,,,,,,
,,,,,,,,,,
,,,,,,,,,,
,,,,,,,,,,
,,,,,,,,,,
,,,,,,,,,,
,,,,,,,,,,
,,,,,,,,,,
,,,,,,,,,,
,,,,,,,,,,
,,,,,,,,,,
,,,,,,,,,,
,,,,,,,,,,
,,,,,,,,,,
,,,,,,,,,,
,,,,,,,,,,
,,,,,,,,,,
,,,,,,,,,,
,,,,,,,,,,
,,,,,,,,,,
,,,,,,,,,,
,,,,,,,,,,
,,,,,,,,,,
,,,,,,,,,,
,,,,,,,,,,
,,,,,,,,,,
,,,,,,,,,,
,,,,,,,,,,
,,,,,,,,,,
,,,,,,,,,,
,,,,,,,,,,
,,,,,,,,,,
,,,,,,,,,,
,,,,,,,,,,
,,,,,,,,,,
,,,,,,,,,,
,,,,,,,,,,
,,,,,,,,,,
,,,,,,,,,,
,,,,,,,,,,
,,,,,,,,,,
,,,,,,,,,,
,,,,,,,,,,
,,,,,,,,,,
,,,,,,,,,,
,,,,,,,,,,
,,,,,,,,,,
,,,,,,,,,,
,,,,,,,,,,
,,,,,,,,,,
,,,,,,,,,,
,,,,,,,,,,
,,,,,,,,,,
,,,,,,,,,,
,,,,,,,,,,
,,,,,,,,,,
,,,,,,,,,,
,,,,,,,,,,
,,,,,,,,,,
,,,,,,,,,,
,,,,,,,,,,
,,,,,,,,,,
,,,,,,,,,,
,,,,,,,,,,
,,,,,,,,,,
,,,,,,,,,,
,,,,,,,,,,
,,,,,,,,,,
,,,,,,,,,,
,,,,,,,,,,
,,,,,,,,,,
,,,,,,,,,,
,,,,,,,,,,
,,,,,,,,,,
,,,,,,,,,,
,,,,,,,,,,
,,,,,,,,,,
,,,,,,,,,,
,,,,,,,,,,
,,,,,,,,,,
,,,,,,,,,,
,,,,,,,,,,
,,,,,,,,,,
,,,,,,,,,,
,,,,,,,,,,
,,,,,,,,,,
,,,,,,,,,,
,,,,,,,,,,
,,,,,,,,,,
,,,,,,,,,,
,,,,,,,,,,
,,,,,,,,,,
,,,,,,,,,,
,,,,,,,,,,
,,,,,,,,,,
,,,,,,,,,,
,,,,,,,,,,
,,,,,,,,,,
,,,,,,,,,,
,,,,,,,,,,
,,,,,,,,,,
,,,,,,,,,,
,,,,,,,,,,
,,,,,,,,,,
,,,,,,,,,,
,,,,,,,,,,
,,,,,,,,,,
,,,,,,,,,,
,,,,,,,,,,
,,,,,,,,,,
,,,,,,,,,,
,,,,,,,,,,
,,,,,,,,,,
,,,,,,,,,,
,,,,,,,,,,
,,,,,,,,,,
,,,,,,,,,,
,,,,,,,,,,
,,,,,,,,,,
,,,,,,,,,,
,,,,,,,,,,
,,,,,,,,,,
,,,,,,,,,,
,,,,,,,,,,
,,,,,,,,,,
,,,,,,,,,,
,,,,,,,,,,
,,,,,,,,,,
,,,,,,,,,,
,,,,,,,,,,
,,,,,,,,,,
,,,,,,,,,,
,,,,,,,,,,
,,,,,,,,,,
,,,,,,,,,,
,,,,,,,,,,
,,,,,,,,,,
,,,,,,,,,,
,,,,,,,,,,
,,,,,,,,,,
,,,,,,,,,,
,,,,,,,,,,
,,,,,,,,,,
,,,,,,,,,,
,,,,,,,,,,
,,,,,,,,,,
,,,,,,,,,,
,,,,,,,,,,
,,,,,,,,,,
,,,,,,,,,,
,,,,,,,,,,
,,,,,,,,,,
,,,,,,,,,,
,,,,,,,,,,
,,,,,,,,,,
,,,,,,,,,,
,,,,,,,,,,
,,,,,,,,,,
,,,,,,,,,,
,,,,,,,,,,
,,,,,,,,,,
,,,,,,,,,,
,,,,,,,,,,
,,,,,,,,,,
,,,,,,,,,,
,,,,,,,,,,
,,,,,,,,,,
,,,,,,,,,,
,,,,,,,,,,
,,,,,,,,,,
,,,,,,,,,,
,,,,,,,,,,
,,,,,,,,,,
,,,,,,,,,,
,,,,,,,,,,
,,,,,,,,,,
,,,,,,,,,,
,,,,,,,,,,
,,,,,,,,,,
,,,,,,,,,,
,,,,,,,,,,
,,,,,,,,,,
,,,,,,,,,,
,,,,,,,,,,
,,,,,,,,,,
,,,,,,,,,,
,,,,,,,,,,
,,,,,,,,,,
,,,,,,,,,,
,,,,,,,,,,
,,,,,,,,,,
,,,,,,,,,,
,,,,,,,,,,
,,,,,,,,,,
,,,,,,,,,,
,,,,,,,,,,
,,,,,,,,,,
,,,,,,,,,,
,,,,,,,,,,
,,,,,,,,,,
,,,,,,,,,,
,,,,,,,,,,
,,,,,,,,,,
,,,,,,,,,,
,,,,,,,,,,
,,,,,,,,,,
,,,,,,,,,,
,,,,,,,,,,
,,,,,,,,,,
,,,,,,,,,,
,,,,,,,,,,
,,,,,,,,,,
,,,,,,,,,,
,,,,,,,,,,
,,,,,,,,,,
,,,,,,,,,,
,,,,,,,,,,
,,,,,,,,,,
,,,,,,,,,,
,,,,,,,,,,
,,,,,,,,,,
,,,,,,,,,,
,,,,,,,,,,
,,,,,,,,,,
,,,,,,,,,,
,,,,,,,,,,
,,,,,,,,,,
,,,,,,,,,,
,,,,,,,,,,
,,,,,,,,,,
,,,,,,,,,,
,,,,,,,,,,
,,,,,,,,,,
,,,,,,,,,,
,,,,,,,,,,
,,,,,,,,,,
,,,,,,,,,,
,,,,,,,,,,
,,,,,,,,,,
,,,,,,,,,,
,,,,,,,,,,
,,,,,,,,,,
,,,,,,,,,,
,,,,,,,,,,
,,,,,,,,,,
,,,,,,,,,,
,,,,,,,,,,
,,,,,,,,,,
,,,,,,,,,,
,,,,,,,,,,
,,,,,,,,,,
,,,,,,,,,,
,,,,,,,,,,
,,,,,,,,,,
,,,,,,,,,,
,,,,,,,,,,
,,,,,,,,,,
,,,,,,,,,,
,,,,,,,,,,
,,,,,,,,,,
,,,,,,,,,,
,,,,,,,,,,
,,,,,,,,,,
,,,,,,,,,,
,,,,,,,,,,
,,,,,,,,,,
,,,,,,,,,,
,,,,,,,,,,
,,,,,,,,,,
,,,,,,,,,,
,,,,,,,,,,
,,,,,,,,,,
,,,,,,,,,,
,,,,,,,,,,
,,,,,,,,,,
,,,,,,,,,,
,,,,,,,,,,
,,,,,,,,,,
,,,,,,,,,,
,,,,,,,,,,
,,,,,,,,,,
,,,,,,,,,,
,,,,,,,,,,
,,,,,,,,,,
,,,,,,,,,,
,,,,,,,,,,
,,,,,,,,,,
,,,,,,,,,,
,,,,,,,,,,
,,,,,,,,,,
,,,,,,,,,,
,,,,,,,,,,
,,,,,,,,,,
,,,,,,,,,,
,,,,,,,,,,
,,,,,,,,,,
,,,,,,,,,,
,,,,,,,,,,
,,,,,,,,,,
,,,,,,,,,,
,,,,,,,,,,
,,,,,,,,,,
,,,,,,,,,,
,,,,,,,,,,
,,,,,,,,,,
,,,,,,,,,,
,,,,,,,,,,
,,,,,,,,,,
,,,,,,,,,,
,,,,,,,,,,
,,,,,,,,,,
,,,,,,,,,,
,,,,,,,,,,
,,,,,,,,,,
,,,,,,,,,,
,,,,,,,,,,
,,,,,,,,,,
,,,,,,,,,,
,,,,,,,,,,
,,,,,,,,,,
,,,,,,,,,,
,,,,,,,,,,
,,,,,,,,,,
,,,,,,,,,,
,,,,,,,,,,
,,,,,,,,,,
,,,,,,,,,,
,,,,,,,,,,
,,,,,,,,,,
,,,,,,,,,,
,,,,,,,,,,
,,,,,,,,,,
,,,,,,,,,,
,,,,,,,,,,
,,,,,,,,,,
,,,,,,,,,,
,,,,,,,,,,
,,,,,,,,,,
,,,,,,,,,,
,,,,,,,,,,
,,,,,,,,,,
,,,,,,,,,,
,,,,,,,,,,
,,,,,,,,,,
,,,,,,,,,,
,,,,,,,,,,
,,,,,,,,,,
,,,,,,,,,,
,,,,,,,,,,
,,,,,,,,,,
,,,,,,,,,,
,,,,,,,,,,
,,,,,,,,,,
,,,,,,,,,,
,,,,,,,,,,
,,,,,,,,,,
,,,,,,,,,,
,,,,,,,,,,
,,,,,,,,,,
,,,,,,,,,,
,,,,,,,,,,
,,,,,,,,,,
,,,,,,,,,,
,,,,,,,,,,
,,,,,,,,,,
,,,,,,,,,,
,,,,,,,,,,
,,,,,,,,,,
,,,,,,,,,,
,,,,,,,,,,
,,,,,,,,,,
,,,,,,,,,,
,,,,,,,,,,
,,,,,,,,,,
,,,,,,,,,,
,,,,,,,,,,
,,,,,,,,,,
,,,,,,,,,,
,,,,,,,,,,
,,,,,,,,,,
,,,,,,,,,,
,,,,,,,,,,
,,,,,,,,,,
,,,,,,,,,,
,,,,,,,,,,
,,,,,,,,,,
,,,,,,,,,,
,,,,,,,,,,
,,,,,,,,,,
,,,,,,,,,,
,,,,,,,,,,
,,,,,,,,,,
,,,,,,,,,,
,,,,,,,,,,
,,,,,,,,,,
,,,,,,,,,,
,,,,,,,,,,
,,,,,,,,,,
,,,,,,,,,,
,,,,,,,,,,
,,,,,,,,,,
,,,,,,,,,,
,,,,,,,,,,
,,,,,,,,,,
,,,,,,,,,,
,,,,,,,,,,
,,,,,,,,,,
,,,,,,,,,,
,,,,,,,,,,
,,,,,,,,,,
,,,,,,,,,,
,,,,,,,,,,
,,,,,,,,,,
,,,,,,,,,,
,,,,,,,,,,
,,,,,,,,,,
,,,,,,,,,,
,,,,,,,,,,
,,,,,,,,,,
,,,,,,,,,,
,,,,,,,,,,
,,,,,,,,,,
,,,,,,,,,,
,,,,,,,,,,
,,,,,,,,,,
,,,,,,,,,,
,,,,,,,,,,
,,,,,,,,,,
,,,,,,,,,,